,lat,long,location,city,state,country,suburb
0,46.6,13.667,"{'place_id': 89789198, 'licence': 'Data © OpenStreetMap contributors, ODbL 1.0. http://osm.org/copyright', 'osm_type': 'node', 'osm_id': 334863820, 'lat': '46.6019528', 'lon': '13.6669176', 'class': 'historic', 'type': 'wayside_cross', 'place_rank': 30, 'importance': 9.99999999995449e-06, 'addresstype': 'historic', 'name': '', 'display_name': 'Julius-Kugy-Alpine Trail, Bad Bleiberg, Bezirk Villach-Land, Carinthia, 9530, Austria', 'address': {'road': 'Julius-Kugy-Alpine Trail', 'town': 'Bad Bleiberg', 'county': 'Bezirk Villach-Land', 'state': 'Carinthia', 'ISO3166-2-lvl4': 'AT-2', 'postcode': '9530', 'country': 'Austria', 'country_code': 'at'}, 'boundingbox': ['46.6019028', '46.6020028', '13.6668676', '13.6669676']}",Bad Bleiberg,Carinthia,Austria,
1,46.65,14.333,"{'place_id': 89957927, 'licence': 'Data © OpenStreetMap contributors, ODbL 1.0. http://osm.org/copyright', 'osm_type': 'way', 'osm_id': 223119167, 'lat': '46.647797399258785', 'lon': '14.332333108822572', 'class': 'highway', 'type': 'secondary', 'place_rank': 26, 'importance': 0.10000999999999993, 'addresstype': 'road', 'name': 'L76', 'display_name': 'L76, Annabichl, Hörtendorf, Klagenfurt, Carinthia, 9020, Austria', 'address': {'road': 'L76', 'suburb': 'Annabichl', 'village': 'Hörtendorf', 'city': 'Klagenfurt', 'state': 'Carinthia', 'ISO3166-2-lvl4': 'AT-2', 'postcode': '9020', 'country': 'Austria', 'country_code': 'at'}, 'boundingbox': ['46.6426392', '46.6478212', '14.3322545', '14.3614765']}",Klagenfurt,Carinthia,Austria,Annabichl
2,44.783,17.217,"{'place_id': 86594403, 'licence': 'Data © OpenStreetMap contributors, ODbL 1.0. http://osm.org/copyright', 'osm_type': 'way', 'osm_id': 42944518, 'lat': '44.78325882964005', 'lon': '17.217095549317726', 'class': 'highway', 'type': 'residential', 'place_rank': 26, 'importance': 0.10000999999999993, 'addresstype': 'road', 'name': 'Braće Pišteljić', 'display_name': 'Braće Pišteljić, Kumsale, Banja Luka, City of Banja Luka, Republika Srpska, 78109, Bosnia and Herzegovina', 'address': {'road': 'Braće Pišteljić', 'quarter': 'Kumsale', 'city': 'Banja Luka', 'county': 'City of Banja Luka', 'state': 'Republika Srpska', 'ISO3166-2-lvl4': 'BA-SRP', 'postcode': '78109', 'country': 'Bosnia and Herzegovina', 'country_code': 'ba'}, 'boundingbox': ['44.7822932', '44.7837272', '17.2158268', '17.2197271']}",Banja Luka,Republika Srpska,Bosnia and Herzegovina,
3,44.55,18.7,"{'place_id': 86423179, 'licence': 'Data © OpenStreetMap contributors, ODbL 1.0. http://osm.org/copyright', 'osm_type': 'way', 'osm_id': 421732563, 'lat': '44.54719155', 'lon': '18.699202252076546', 'class': 'building', 'type': 'house', 'place_rank': 30, 'importance': 9.99999999995449e-06, 'addresstype': 'building', 'name': '', 'display_name': '59, Mirsada Fidahića, Novo Naselje, Tuzla, City of Tuzla, Tuzla Canton, Federation of Bosnia and Herzegovina, 75000, Bosnia and Herzegovina', 'address': {'house_number': '59', 'road': 'Mirsada Fidahića', 'suburb': 'Novo Naselje', 'city': 'Tuzla', 'county': 'City of Tuzla', 'state_district': 'Tuzla Canton', 'state': 'Federation of Bosnia and Herzegovina', 'ISO3166-2-lvl4': 'BA-BIH', 'postcode': '75000', 'country': 'Bosnia and Herzegovina', 'country_code': 'ba'}, 'boundingbox': ['44.5471327', '44.5472504', '18.6991184', '18.6992861']}",Tuzla,Federation of Bosnia and Herzegovina,Bosnia and Herzegovina,Novo Naselje
4,43.35,17.8,"{'place_id': 81362547, 'licence': 'Data © OpenStreetMap contributors, ODbL 1.0. http://osm.org/copyright', 'osm_type': 'way', 'osm_id': 370253770, 'lat': '43.35002054319955', 'lon': '17.799935913080837', 'class': 'highway', 'type': 'service', 'place_rank': 27, 'importance': 0.04000999999999999, 'addresstype': 'road', 'name': 'Vukovarska', 'display_name': 'Vukovarska, Zgoni, Mostar, Local community Zgoni, City of Mostar, Herzegovina-Neretva Canton, Federation of Bosnia and Herzegovina, 88000, Bosnia and Herzegovina', 'address': {'road': 'Vukovarska', 'quarter': 'Zgoni', 'city': 'Mostar', 'county': 'City of Mostar', 'state_district': 'Herzegovina-Neretva Canton', 'state': 'Federation of Bosnia and Herzegovina', 'ISO3166-2-lvl4': 'BA-BIH', 'postcode': '88000', 'country': 'Bosnia and Herzegovina', 'country_code': 'ba'}, 'boundingbox': ['43.3499422', '43.3505813', '17.7999108', '17.8001246']}",Mostar,Federation of Bosnia and Herzegovina,Bosnia and Herzegovina,
5,44.0667,18.2667,"{'place_id': 86473222, 'licence': 'Data © OpenStreetMap contributors, ODbL 1.0. http://osm.org/copyright', 'osm_type': 'way', 'osm_id': 822843000, 'lat': '44.06577229176305', 'lon': '18.266818593630294', 'class': 'highway', 'type': 'residential', 'place_rank': 26, 'importance': 0.10000999999999993, 'addresstype': 'road', 'name': '', 'display_name': 'Kokošići, Vares municipality, Zenica-Doboj Canton, Federation of Bosnia and Herzegovina, 71370, Bosnia and Herzegovina', 'address': {'village': 'Kokošići', 'municipality': 'Vares municipality', 'state_district': 'Zenica-Doboj Canton', 'state': 'Federation of Bosnia and Herzegovina', 'ISO3166-2-lvl4': 'BA-BIH', 'postcode': '71370', 'country': 'Bosnia and Herzegovina', 'country_code': 'ba'}, 'boundingbox': ['44.0629053', '44.0658606', '18.2588781', '18.2672786']}",Kokošići,Federation of Bosnia and Herzegovina,Bosnia and Herzegovina,Vares municipality
6,43.8678,18.4228,"{'place_id': 81243974, 'licence': 'Data © OpenStreetMap contributors, ODbL 1.0. http://osm.org/copyright', 'osm_type': 'node', 'osm_id': 6399448493, 'lat': '43.8678433', 'lon': '18.4225964', 'class': 'place', 'type': 'house', 'place_rank': 30, 'importance': 9.99999999995449e-06, 'addresstype': 'place', 'name': '', 'display_name': '15, Bardakčije, Sarajevo, Podhrastovi, Centar Municipality, City of Sarajevo, Sarajevo Canton, Federation of Bosnia and Herzegovina, 71200, Bosnia and Herzegovina', 'address': {'house_number': '15', 'road': 'Bardakčije', 'city': 'Sarajevo', 'suburb': 'Podhrastovi', 'municipality': 'Centar Municipality', 'county': 'City of Sarajevo', 'state_district': 'Sarajevo Canton', 'state': 'Federation of Bosnia and Herzegovina', 'ISO3166-2-lvl4': 'BA-BIH', 'postcode': '71200', 'country': 'Bosnia and Herzegovina', 'country_code': 'ba'}, 'boundingbox': ['43.8677933', '43.8678933', '18.4225464', '18.4226464']}",Sarajevo,Federation of Bosnia and Herzegovina,Bosnia and Herzegovina,Podhrastovi
7,42.917,17.6,"{'place_id': 81236982, 'licence': 'Data © OpenStreetMap contributors, ODbL 1.0. http://osm.org/copyright', 'osm_type': 'way', 'osm_id': 41242885, 'lat': '42.917387575454754', 'lon': '17.60031034534576', 'class': 'highway', 'type': 'unclassified', 'place_rank': 26, 'importance': 0.10000999999999993, 'addresstype': 'road', 'name': '', 'display_name': 'Jazine, Neum, Neum municipality, Herzegovina-Neretva Canton, Federation of Bosnia and Herzegovina, 88390, Bosnia and Herzegovina', 'address': {'hamlet': 'Jazine', 'town': 'Neum', 'municipality': 'Neum municipality', 'state_district': 'Herzegovina-Neretva Canton', 'state': 'Federation of Bosnia and Herzegovina', 'ISO3166-2-lvl4': 'BA-BIH', 'postcode': '88390', 'country': 'Bosnia and Herzegovina', 'country_code': 'ba'}, 'boundingbox': ['42.9113161', '42.9282271', '17.5719012', '17.6276578']}",Neum,Federation of Bosnia and Herzegovina,Bosnia and Herzegovina,Neum municipality
8,43.4378,5.2158,"{'place_id': 102321848, 'licence': 'Data © OpenStreetMap contributors, ODbL 1.0. http://osm.org/copyright', 'osm_type': 'way', 'osm_id': 364430780, 'lat': '43.4375155', 'lon': '5.213025909827175', 'class': 'aeroway', 'type': 'aerodrome', 'place_rank': 30, 'importance': 0.4696218858520424, 'addresstype': 'aeroway', 'name': 'Aéroport de Marseille Provence', 'display_name': ""Aéroport de Marseille Provence, Chemin de l'Étang, Vitrolles, Istres, Bouches-du-Rhône, Provence-Alpes-Côte d'Azur, Metropolitan France, 13127, France"", 'address': {'aeroway': 'Aéroport de Marseille Provence', 'road': ""Chemin de l'Étang"", 'town': 'Vitrolles', 'municipality': 'Istres', 'county': 'Bouches-du-Rhône', 'ISO3166-2-lvl6': 'FR-13', 'state': ""Provence-Alpes-Côte d'Azur"", 'ISO3166-2-lvl4': 'FR-PAC', 'region': 'Metropolitan France', 'postcode': '13127', 'country': 'France', 'country_code': 'fr'}, 'boundingbox': ['43.4240138', '43.4511033', '5.1950548', '5.2321275']}",Vitrolles,Provence-Alpes-Côte d'Azur,France,Istres
9,45.7264,5.0778,"{'place_id': 108233350, 'licence': 'Data © OpenStreetMap contributors, ODbL 1.0. http://osm.org/copyright', 'osm_type': 'way', 'osm_id': 674425023, 'lat': '45.72626175', 'lon': '5.078231799975391', 'class': 'man_made', 'type': 'observatory', 'place_rank': 30, 'importance': 9.99999999995449e-06, 'addresstype': 'man_made', 'name': '', 'display_name': ""Rue d'Allemagne, Colombier-Saugnieu, Lyon, Rhône, Auvergne-Rhône-Alpes, Metropolitan France, 69124, France"", 'address': {'road': ""Rue d'Allemagne"", 'village': 'Colombier-Saugnieu', 'municipality': 'Lyon', 'county': 'Rhône', 'ISO3166-2-lvl6': 'FR-69', 'state_district': 'Rhône', 'state': 'Auvergne-Rhône-Alpes', 'ISO3166-2-lvl4': 'FR-ARA', 'region': 'Metropolitan France', 'postcode': '69124', 'country': 'France', 'country_code': 'fr'}, 'boundingbox': ['45.7258006', '45.7267109', '5.0771914', '5.0793037']}",Colombier-Saugnieu,Auvergne-Rhône-Alpes,France,Lyon
10,44.5656,6.5019,"{'place_id': 107032894, 'licence': 'Data © OpenStreetMap contributors, ODbL 1.0. http://osm.org/copyright', 'osm_type': 'way', 'osm_id': 72510166, 'lat': '44.565645849999996', 'lon': '6.501726958836281', 'class': 'building', 'type': 'yes', 'place_rank': 30, 'importance': 9.99999999995449e-06, 'addresstype': 'building', 'name': 'Communauté des communes de Serre-Ponçon', 'display_name': ""Communauté des communes de Serre-Ponçon, 6, Impasse de l'Observatoire, Saint Surnin, Embrun, Gap, Hautes-Alpes, Provence-Alpes-Côte d'Azur, Metropolitan France, 05200, France"", 'address': {'building': 'Communauté des communes de Serre-Ponçon', 'house_number': '6', 'road': ""Impasse de l'Observatoire"", 'neighbourhood': 'Saint Surnin', 'village': 'Embrun', 'municipality': 'Gap', 'county': 'Hautes-Alpes', 'ISO3166-2-lvl6': 'FR-05', 'state': ""Provence-Alpes-Côte d'Azur"", 'ISO3166-2-lvl4': 'FR-PAC', 'region': 'Metropolitan France', 'postcode': '05200', 'country': 'France', 'country_code': 'fr'}, 'boundingbox': ['44.5654477', '44.5658535', '6.5014736', '6.5019167']}",Embrun,Provence-Alpes-Côte d'Azur,France,Gap
11,43.6489,7.2089,"{'place_id': 101865022, 'licence': 'Data © OpenStreetMap contributors, ODbL 1.0. http://osm.org/copyright', 'osm_type': 'way', 'osm_id': 154060593, 'lat': '43.64917295', 'lon': '7.210898899149514', 'class': 'aeroway', 'type': 'helipad', 'place_rank': 30, 'importance': 9.99999999995449e-06, 'addresstype': 'aeroway', 'name': 'Mike Sierra', 'display_name': ""Mike Sierra, Avenue Didier Daurat, Nice, Maritime Alps, Provence-Alpes-Côte d'Azur, Metropolitan France, 06703, France"", 'address': {'aeroway': 'Mike Sierra', 'road': 'Avenue Didier Daurat', 'city': 'Nice', 'municipality': 'Nice', 'county': 'Maritime Alps', 'ISO3166-2-lvl6': 'FR-06', 'state': ""Provence-Alpes-Côte d'Azur"", 'ISO3166-2-lvl4': 'FR-PAC', 'region': 'Metropolitan France', 'postcode': '06703', 'country': 'France', 'country_code': 'fr'}, 'boundingbox': ['43.6489818', '43.6493641', '7.2106347', '7.2111631']}",Nice,Provence-Alpes-Côte d'Azur,France,Nice
12,42.5406,9.4853,"{'place_id': 101037220, 'licence': 'Data © OpenStreetMap contributors, ODbL 1.0. http://osm.org/copyright', 'osm_type': 'way', 'osm_id': 871386163, 'lat': '42.53872546570357', 'lon': '9.485335534591284', 'class': 'highway', 'type': 'tertiary', 'place_rank': 26, 'importance': 0.10000999999999993, 'addresstype': 'road', 'name': 'Route de la Canonica', 'display_name': 'Route de la Canonica, Panconi, Canonica, Lucciana, Bastia, Haute-Corse, Corsica, Metropolitan France, 20290, France', 'address': {'road': 'Route de la Canonica', 'neighbourhood': 'Panconi', 'hamlet': 'Canonica', 'village': 'Lucciana', 'municipality': 'Bastia', 'county': 'Haute-Corse', 'ISO3166-2-lvl6': 'FR-2B', 'state': 'Corsica', 'ISO3166-2-lvl4': 'FR-20R', 'region': 'Metropolitan France', 'postcode': '20290', 'country': 'France', 'country_code': 'fr'}, 'boundingbox': ['42.5369275', '42.5399142', '9.4716234', '9.4923932']}",Lucciana,Corsica,France,Bastia
13,41.9181,8.7928,"{'place_id': 100838338, 'licence': 'Data © OpenStreetMap contributors, ODbL 1.0. http://osm.org/copyright', 'osm_type': 'way', 'osm_id': 865801787, 'lat': '41.9189689', 'lon': '8.791315662913487', 'class': 'amenity', 'type': 'parking', 'place_rank': 30, 'importance': 9.99999999995449e-06, 'addresstype': 'amenity', 'name': '', 'display_name': ""Route de l'Aéroport, Ajaccio, South Corsica, Corsica, Metropolitan France, 20129, France"", 'address': {'road': ""Route de l'Aéroport"", 'city': 'Ajaccio', 'municipality': 'Ajaccio', 'county': 'South Corsica', 'ISO3166-2-lvl6': 'FR-2A', 'state': 'Corsica', 'ISO3166-2-lvl4': 'FR-20R', 'region': 'Metropolitan France', 'postcode': '20129', 'country': 'France', 'country_code': 'fr'}, 'boundingbox': ['41.9184557', '41.9194464', '8.7900474', '8.7926262']}",Ajaccio,Corsica,France,Ajaccio
14,43.0792,5.9406,"{'place_id': 103141085, 'licence': 'Data © OpenStreetMap contributors, ODbL 1.0. http://osm.org/copyright', 'osm_type': 'way', 'osm_id': 260623968, 'lat': '43.0795998479488', 'lon': '5.940415031329792', 'class': 'highway', 'type': 'residential', 'place_rank': 26, 'importance': 0.10000999999999993, 'addresstype': 'road', 'name': 'Chemin Rural de Cavalas', 'display_name': ""Chemin Rural de Cavalas, Saint-Mandrier-sur-Mer, Toulon, Var, Provence-Alpes-Côte d'Azur, Metropolitan France, 83430, France"", 'address': {'road': 'Chemin Rural de Cavalas', 'village': 'Saint-Mandrier-sur-Mer', 'municipality': 'Toulon', 'county': 'Var', 'ISO3166-2-lvl6': 'FR-83', 'state': ""Provence-Alpes-Côte d'Azur"", 'ISO3166-2-lvl4': 'FR-PAC', 'region': 'Metropolitan France', 'postcode': '83430', 'country': 'France', 'country_code': 'fr'}, 'boundingbox': ['43.0784063', '43.0796961', '5.9360824', '5.9406231']}",Saint-Mandrier-sur-Mer,Provence-Alpes-Côte d'Azur,France,Toulon
15,45.726,5.091,"{'place_id': 107951940, 'licence': 'Data © OpenStreetMap contributors, ODbL 1.0. http://osm.org/copyright', 'osm_type': 'way', 'osm_id': 104573411, 'lat': '45.72442685', 'lon': '5.086515135250837', 'class': 'aeroway', 'type': 'aerodrome', 'place_rank': 30, 'importance': 0.4765644680033372, 'addresstype': 'aeroway', 'name': 'Lyon-Saint Exupéry Airport', 'display_name': 'Lyon-Saint Exupéry Airport, Rose de Mesure Localizer 35R, Saugnieu, Colombier-Saugnieu, Lyon, Rhône, Auvergne-Rhône-Alpes, Metropolitan France, 69124, France', 'address': {'aeroway': 'Lyon-Saint Exupéry Airport', 'road': 'Rose de Mesure Localizer 35R', 'village': 'Saugnieu', 'municipality': 'Lyon', 'county': 'Rhône', 'ISO3166-2-lvl6': 'FR-69', 'state_district': 'Rhône', 'state': 'Auvergne-Rhône-Alpes', 'ISO3166-2-lvl4': 'FR-ARA', 'region': 'Metropolitan France', 'postcode': '69124', 'country': 'France', 'country_code': 'fr'}, 'boundingbox': ['45.6962433', '45.7528130', '5.0755059', '5.0991477']}",Saugnieu,Auvergne-Rhône-Alpes,France,Lyon
16,44.567,6.5,"{'place_id': 106969384, 'licence': 'Data © OpenStreetMap contributors, ODbL 1.0. http://osm.org/copyright', 'osm_type': 'way', 'osm_id': 72512102, 'lat': '44.566926699999996', 'lon': '6.5006632418271755', 'class': 'building', 'type': 'yes', 'place_rank': 30, 'importance': 9.99999999995449e-06, 'addresstype': 'building', 'name': ""Résidence l'Ecrin"", 'display_name': ""Résidence l'Ecrin, 15, Rue Édouard Przybylski, Saint Surnin, Embrun, Gap, Hautes-Alpes, Provence-Alpes-Côte d'Azur, Metropolitan France, 05200, France"", 'address': {'building': ""Résidence l'Ecrin"", 'house_number': '15', 'road': 'Rue Édouard Przybylski', 'neighbourhood': 'Saint Surnin', 'village': 'Embrun', 'municipality': 'Gap', 'county': 'Hautes-Alpes', 'ISO3166-2-lvl6': 'FR-05', 'state': ""Provence-Alpes-Côte d'Azur"", 'ISO3166-2-lvl4': 'FR-PAC', 'region': 'Metropolitan France', 'postcode': '05200', 'country': 'France', 'country_code': 'fr'}, 'boundingbox': ['44.5668454', '44.5670168', '6.5005267', '6.5007959']}",Embrun,Provence-Alpes-Côte d'Azur,France,Gap
17,43.083,5.933,"{'place_id': 102669971, 'licence': 'Data © OpenStreetMap contributors, ODbL 1.0. http://osm.org/copyright', 'osm_type': 'way', 'osm_id': 552310746, 'lat': '43.08349605', 'lon': '5.9334606901361475', 'class': 'man_made', 'type': 'pier', 'place_rank': 30, 'importance': 9.99999999995449e-06, 'addresstype': 'man_made', 'name': '', 'display_name': ""Rue Rouget de l'Isle, Saint-Mandrier-sur-Mer, Toulon, Var, Provence-Alpes-Côte d'Azur, Metropolitan France, 83430, France"", 'address': {'road': ""Rue Rouget de l'Isle"", 'village': 'Saint-Mandrier-sur-Mer', 'municipality': 'Toulon', 'county': 'Var', 'ISO3166-2-lvl6': 'FR-83', 'state': ""Provence-Alpes-Côte d'Azur"", 'ISO3166-2-lvl4': 'FR-PAC', 'region': 'Metropolitan France', 'postcode': '83430', 'country': 'France', 'country_code': 'fr'}, 'boundingbox': ['43.0834042', '43.0837065', '5.9332856', '5.9335232']}",Saint-Mandrier-sur-Mer,Provence-Alpes-Côte d'Azur,France,Toulon
18,43.658,7.216,"{'place_id': 101869969, 'licence': 'Data © OpenStreetMap contributors, ODbL 1.0. http://osm.org/copyright', 'osm_type': 'way', 'osm_id': 365180154, 'lat': '43.6598152', 'lon': '7.213746036113885', 'class': 'aeroway', 'type': 'aerodrome', 'place_rank': 30, 'importance': 0.48316877154242993, 'addresstype': 'aeroway', 'name': ""Nice Côte d'Azur Airport"", 'display_name': ""Nice Côte d'Azur Airport, Rue Costes et Bellonte, Nice, Maritime Alps, Provence-Alpes-Côte d'Azur, Metropolitan France, 06206, France"", 'address': {'aeroway': ""Nice Côte d'Azur Airport"", 'road': 'Rue Costes et Bellonte', 'city': 'Nice', 'municipality': 'Nice', 'county': 'Maritime Alps', 'ISO3166-2-lvl6': 'FR-06', 'state': ""Provence-Alpes-Côte d'Azur"", 'ISO3166-2-lvl4': 'FR-PAC', 'region': 'Metropolitan France', 'postcode': '06206', 'country': 'France', 'country_code': 'fr'}, 'boundingbox': ['43.6457246', '43.6739500', '7.1997238', '7.2305889']}",Nice,Provence-Alpes-Côte d'Azur,France,Nice
19,41.924,8.803,"{'place_id': 101099233, 'licence': 'Data © OpenStreetMap contributors, ODbL 1.0. http://osm.org/copyright', 'osm_type': 'way', 'osm_id': 945581866, 'lat': '41.92391055', 'lon': '8.803514824265777', 'class': 'aeroway', 'type': 'apron', 'place_rank': 30, 'importance': 9.99999999995449e-06, 'addresstype': 'aeroway', 'name': '', 'display_name': 'T 21, Ajaccio, South Corsica, Corsica, Metropolitan France, 20129, France', 'address': {'road': 'T 21', 'city': 'Ajaccio', 'municipality': 'Ajaccio', 'county': 'South Corsica', 'ISO3166-2-lvl6': 'FR-2A', 'state': 'Corsica', 'ISO3166-2-lvl4': 'FR-20R', 'region': 'Metropolitan France', 'postcode': '20129', 'country': 'France', 'country_code': 'fr'}, 'boundingbox': ['41.9236345', '41.9245339', '8.8025399', '8.8043364']}",Ajaccio,Corsica,France,Ajaccio
20,42.553,9.484,"{'place_id': 100999598, 'licence': 'Data © OpenStreetMap contributors, ODbL 1.0. http://osm.org/copyright', 'osm_type': 'way', 'osm_id': 42019348, 'lat': '42.55466885', 'lon': '9.481946623405268', 'class': 'aeroway', 'type': 'aerodrome', 'place_rank': 30, 'importance': 0.42738353824975767, 'addresstype': 'aeroway', 'name': 'International airport of Bastia-Poretta', 'display_name': 'International airport of Bastia-Poretta, Strada di Mariana, Poretta, Lucciana, Bastia, Haute-Corse, Corsica, Metropolitan France, 20290, France', 'address': {'aeroway': 'International airport of Bastia-Poretta', 'road': 'Strada di Mariana', 'neighbourhood': 'Poretta', 'village': 'Lucciana', 'municipality': 'Bastia', 'county': 'Haute-Corse', 'ISO3166-2-lvl6': 'FR-2B', 'state': 'Corsica', 'ISO3166-2-lvl4': 'FR-20R', 'region': 'Metropolitan France', 'postcode': '20290', 'country': 'France', 'country_code': 'fr'}, 'boundingbox': ['42.5398082', '42.5694346', '9.4736582', '9.4909379']}",Lucciana,Corsica,France,Bastia
21,45.8167,15.9781,"{'place_id': 101973081, 'licence': 'Data © OpenStreetMap contributors, ODbL 1.0. http://osm.org/copyright', 'osm_type': 'way', 'osm_id': 289908834, 'lat': '45.81659245', 'lon': '15.977788941169088', 'class': 'amenity', 'type': 'place_of_worship', 'place_rank': 30, 'importance': 9.99999999995449e-06, 'addresstype': 'amenity', 'name': 'crkva svetog Franje Asiškog', 'display_name': 'crkva svetog Franje Asiškog, 9, Kaptol, Mjesni odbor ""August Cesarec"", Gradska četvrt Gornji grad - Medveščak, Zagreb, City of Zagreb, 10103, Croatia', 'address': {'amenity': 'crkva svetog Franje Asiškog', 'house_number': '9', 'road': 'Kaptol', 'neighbourhood': 'Mjesni odbor ""August Cesarec""', 'suburb': 'Gradska četvrt Gornji grad - Medveščak', 'city_district': 'Zagreb', 'city': 'City of Zagreb', 'ISO3166-2-lvl6': 'HR-21', 'postcode': '10103', 'country': 'Croatia', 'country_code': 'hr'}, 'boundingbox': ['45.8164936', '45.8166956', '15.9774820', '15.9781543']}",City of Zagreb,,Croatia,Gradska četvrt Gornji grad - Medveščak
22,44.55,15.3667,"{'place_id': 99560795, 'licence': 'Data © OpenStreetMap contributors, ODbL 1.0. http://osm.org/copyright', 'osm_type': 'way', 'osm_id': 888262869, 'lat': '44.549414049999996', 'lon': '15.367188899999995', 'class': 'building', 'type': 'yes', 'place_rank': 30, 'importance': 9.99999999995449e-06, 'addresstype': 'building', 'name': '', 'display_name': '41, Smiljanska ulica, Linjaci, Gospić, Grad Gospić, Lika-Senj County, 53000, Croatia', 'address': {'house_number': '41', 'road': 'Smiljanska ulica', 'quarter': 'Linjaci', 'city_district': 'Gospić', 'town': 'Grad Gospić', 'county': 'Lika-Senj County', 'ISO3166-2-lvl6': 'HR-09', 'postcode': '53000', 'country': 'Croatia', 'country_code': 'hr'}, 'boundingbox': ['44.5493022', '44.5495259', '15.3670511', '15.3673267']}",Grad Gospić,Lika-Senj County,Croatia,
23,43.1667,16.45,"{'place_id': 81161833, 'licence': 'Data © OpenStreetMap contributors, ODbL 1.0. http://osm.org/copyright', 'osm_type': 'way', 'osm_id': 160749201, 'lat': '43.16662457841942', 'lon': '16.449975196785378', 'class': 'highway', 'type': 'residential', 'place_rank': 26, 'importance': 0.10000999999999993, 'addresstype': 'road', 'name': 'Mate Hraste', 'display_name': 'Mate Hraste, Hvar, Grad Hvar, 21450, Croatia', 'address': {'road': 'Mate Hraste', 'city_district': 'Hvar', 'town': 'Grad Hvar', 'postcode': '21450', 'country': 'Croatia', 'country_code': 'hr'}, 'boundingbox': ['43.1659963', '43.1668424', '16.4486666', '16.4517464']}",Grad Hvar,,Croatia,
24,42.7667,16.8994,"{'place_id': 81092694, 'licence': 'Data © OpenStreetMap contributors, ODbL 1.0. http://osm.org/copyright', 'osm_type': 'way', 'osm_id': 800044840, 'lat': '42.767007', 'lon': '16.899056', 'class': 'amenity', 'type': 'place_of_worship', 'place_rank': 30, 'importance': 9.99999999995449e-06, 'addresstype': 'amenity', 'name': 'Sv. Ivan', 'display_name': 'Sv. Ivan, Dolac, Lučica, Lastovo, Općina Lastovo, Dubrovnik-Neretva County, 20290, Croatia', 'address': {'amenity': 'Sv. Ivan', 'road': 'Dolac', 'hamlet': 'Lučica', 'city_district': 'Lastovo', 'village': 'Općina Lastovo', 'county': 'Dubrovnik-Neretva County', 'ISO3166-2-lvl6': 'HR-19', 'postcode': '20290', 'country': 'Croatia', 'country_code': 'hr'}, 'boundingbox': ['42.7669738', '42.7670402', '16.8989666', '16.8991454']}",Općina Lastovo,Dubrovnik-Neretva County,Croatia,
25,45.5331,18.6331,"{'place_id': 86223510, 'licence': 'Data © OpenStreetMap contributors, ODbL 1.0. http://osm.org/copyright', 'osm_type': 'way', 'osm_id': 173809709, 'lat': '45.5331595', 'lon': '18.632530550000006', 'class': 'building', 'type': 'detached', 'place_rank': 30, 'importance': 9.99999999995449e-06, 'addresstype': 'building', 'name': '', 'display_name': '7, Vijenac lipa, Mjesni odbor Cvjetno, Osijek, Grad Osijek, Osijek-Baranja County, 31000, Croatia', 'address': {'house_number': '7', 'road': 'Vijenac lipa', 'suburb': 'Mjesni odbor Cvjetno', 'city': 'Osijek', 'municipality': 'Grad Osijek', 'county': 'Osijek-Baranja County', 'ISO3166-2-lvl6': 'HR-14', 'postcode': '31000', 'country': 'Croatia', 'country_code': 'hr'}, 'boundingbox': ['45.5330809', '45.5332381', '18.6324160', '18.6326451']}",Osijek,Osijek-Baranja County,Croatia,Mjesni odbor Cvjetno
26,45.3331,14.45,"{'place_id': 99098133, 'licence': 'Data © OpenStreetMap contributors, ODbL 1.0. http://osm.org/copyright', 'osm_type': 'way', 'osm_id': 160527597, 'lat': '45.33264915', 'lon': '14.449388882390084', 'class': 'leisure', 'type': 'playground', 'place_rank': 30, 'importance': 9.99999999995449e-06, 'addresstype': 'leisure', 'name': '', 'display_name': 'Ulica Ante Kovačića, Mjesni odbor Kozala, Rijeka, Grad Rijeka, Primorje-Gorski Kotar County, 51107, Croatia', 'address': {'road': 'Ulica Ante Kovačića', 'suburb': 'Mjesni odbor Kozala', 'city_district': 'Rijeka', 'city': 'Grad Rijeka', 'county': 'Primorje-Gorski Kotar County', 'ISO3166-2-lvl6': 'HR-08', 'postcode': '51107', 'country': 'Croatia', 'country_code': 'hr'}, 'boundingbox': ['45.3325307', '45.3327930', '14.4491465', '14.4495618']}",Grad Rijeka,Primorje-Gorski Kotar County,Croatia,Mjesni odbor Kozala
27,43.5167,16.4331,"{'place_id': 81467880, 'licence': 'Data © OpenStreetMap contributors, ODbL 1.0. http://osm.org/copyright', 'osm_type': 'node', 'osm_id': 2090312948, 'lat': '43.5166266', 'lon': '16.4331646', 'class': 'place', 'type': 'house', 'place_rank': 30, 'importance': 9.99999999995449e-06, 'addresstype': 'place', 'name': '', 'display_name': '3, Karamanova, Poljud, Spinut, Split, Grad Split, 21000, Croatia', 'address': {'house_number': '3', 'road': 'Karamanova', 'neighbourhood': 'Poljud', 'quarter': 'Spinut', 'city': 'Split', 'municipality': 'Grad Split', 'postcode': '21000', 'country': 'Croatia', 'country_code': 'hr'}, 'boundingbox': ['43.5165766', '43.5166766', '16.4331146', '16.4332146']}",Split,,Croatia,Grad Split
28,44.8167,14.9831,"{'place_id': 375558327, 'licence': 'Data © OpenStreetMap contributors, ODbL 1.0. http://osm.org/copyright', 'osm_type': 'way', 'osm_id': 37378344, 'lat': '44.81648524934877', 'lon': '14.983159958143352', 'class': 'highway', 'type': 'unclassified', 'place_rank': 26, 'importance': 0.10000999999999993, 'addresstype': 'road', 'name': '59133', 'display_name': '59133, Volarice, Grad Senj, Lika-Senj County, Croatia', 'address': {'road': '59133', 'city': 'Volarice', 'municipality': 'Grad Senj', 'county': 'Lika-Senj County', 'ISO3166-2-lvl6': 'HR-09', 'country': 'Croatia', 'country_code': 'hr'}, 'boundingbox': ['44.8154332', '44.8331803', '14.9724865', '14.9880301']}",Volarice,Lika-Senj County,Croatia,Grad Senj
29,44.0406,16.2067,"{'place_id': 86916808, 'licence': 'Data © OpenStreetMap contributors, ODbL 1.0. http://osm.org/copyright', 'osm_type': 'way', 'osm_id': 98349576, 'lat': '44.04051053682687', 'lon': '16.20627494872501', 'class': 'highway', 'type': 'residential', 'place_rank': 26, 'importance': 0.10000999999999993, 'addresstype': 'road', 'name': 'Montijeva ulica', 'display_name': 'Montijeva ulica, Kovačić, Grad Knin, Šibenik-Knin County, 22300, Croatia', 'address': {'road': 'Montijeva ulica', 'village': 'Kovačić', 'town': 'Grad Knin', 'county': 'Šibenik-Knin County', 'ISO3166-2-lvl6': 'HR-15', 'postcode': '22300', 'country': 'Croatia', 'country_code': 'hr'}, 'boundingbox': ['44.0402356', '44.0417476', '16.2062419', '16.2064063']}",Kovačić,Šibenik-Knin County,Croatia,
30,46.2828,16.3639,"{'place_id': 86603555, 'licence': 'Data © OpenStreetMap contributors, ODbL 1.0. http://osm.org/copyright', 'osm_type': 'node', 'osm_id': 2971751132, 'lat': '46.2828656', 'lon': '16.3638742', 'class': 'man_made', 'type': 'monitoring_station', 'place_rank': 30, 'importance': 9.99999999995449e-06, 'addresstype': 'man_made', 'name': 'Varaždin', 'display_name': 'Varaždin, Brezje, Varaždin, Grad Varaždin, Varaždin County, 42212, Croatia', 'address': {'man_made': 'Varaždin', 'road': 'Brezje', 'suburb': 'Brezje', 'city_district': 'Varaždin', 'city': 'Grad Varaždin', 'county': 'Varaždin County', 'ISO3166-2-lvl6': 'HR-05', 'postcode': '42212', 'country': 'Croatia', 'country_code': 'hr'}, 'boundingbox': ['46.2828156', '46.2829156', '16.3638242', '16.3639242']}",Grad Varaždin,Varaždin County,Croatia,Brezje
31,44.13,15.2056,"{'place_id': 99604577, 'licence': 'Data © OpenStreetMap contributors, ODbL 1.0. http://osm.org/copyright', 'osm_type': 'way', 'osm_id': 588131605, 'lat': '44.1300332', 'lon': '15.206421573013245', 'class': 'building', 'type': 'apartments', 'place_rank': 30, 'importance': 9.99999999995449e-06, 'addresstype': 'building', 'name': '', 'display_name': '16, Obala kneza Domagoja, Borik, Mjesni odbor Puntamika, Zadar, Grad Zadar, Zadar County, 23105, Croatia', 'address': {'house_number': '16', 'road': 'Obala kneza Domagoja', 'quarter': 'Borik', 'suburb': 'Mjesni odbor Puntamika', 'city': 'Zadar', 'municipality': 'Grad Zadar', 'county': 'Zadar County', 'ISO3166-2-lvl6': 'HR-13', 'postcode': '23105', 'country': 'Croatia', 'country_code': 'hr'}, 'boundingbox': ['44.1299502', '44.1301393', '15.2062766', '15.2065132']}",Zadar,Zadar County,Croatia,Mjesni odbor Puntamika
32,45.2039,15.2717,"{'place_id': 100061825, 'licence': 'Data © OpenStreetMap contributors, ODbL 1.0. http://osm.org/copyright', 'osm_type': 'way', 'osm_id': 360820416, 'lat': '45.2043073', 'lon': '15.2751181', 'class': 'highway', 'type': 'residential', 'place_rank': 26, 'importance': 0.10000999999999993, 'addresstype': 'road', 'name': '', 'display_name': 'Pavlović Brdo, Općina Josipdol, Karlovac County, 47302, Croatia', 'address': {'hamlet': 'Pavlović Brdo', 'municipality': 'Općina Josipdol', 'county': 'Karlovac County', 'ISO3166-2-lvl6': 'HR-04', 'postcode': '47302', 'country': 'Croatia', 'country_code': 'hr'}, 'boundingbox': ['45.2039410', '45.2056139', '15.2751181', '15.2763000']}",,Karlovac County,Croatia,Općina Josipdol
33,42.56,18.27,"{'place_id': 81598795, 'licence': 'Data © OpenStreetMap contributors, ODbL 1.0. http://osm.org/copyright', 'osm_type': 'way', 'osm_id': 209996074, 'lat': '42.56149335', 'lon': '18.26433626257242', 'class': 'aeroway', 'type': 'aerodrome', 'place_rank': 30, 'importance': 0.43789606803546877, 'addresstype': 'aeroway', 'name': 'Dubrovnik Ruđer Bošković Airport', 'display_name': 'Dubrovnik Ruđer Bošković Airport, 6240, Bakići, Čilipi, Općina Konavle, Dubrovnik-Neretva County, 20213, Croatia', 'address': {'aeroway': 'Dubrovnik Ruđer Bošković Airport', 'road': '6240', 'hamlet': 'Bakići', 'village': 'Čilipi', 'municipality': 'Općina Konavle', 'county': 'Dubrovnik-Neretva County', 'ISO3166-2-lvl6': 'HR-19', 'postcode': '20213', 'country': 'Croatia', 'country_code': 'hr'}, 'boundingbox': ['42.5514449', '42.5715257', '18.2452185', '18.2866484']}",Čilipi,Dubrovnik-Neretva County,Croatia,Općina Konavle
34,46.133,15.883,"{'place_id': 89149919, 'licence': 'Data © OpenStreetMap contributors, ODbL 1.0. http://osm.org/copyright', 'osm_type': 'way', 'osm_id': 351388389, 'lat': '46.133748269974994', 'lon': '15.883854191863527', 'class': 'highway', 'type': 'primary', 'place_rank': 26, 'importance': 0.0533433333333333, 'addresstype': 'road', 'name': 'D1', 'display_name': 'D1, Zajci, Velika Ves, Grad Krapina, Krapina-Zagorje County, 49224, Croatia', 'address': {'road': 'D1', 'hamlet': 'Zajci', 'village': 'Velika Ves', 'municipality': 'Grad Krapina', 'county': 'Krapina-Zagorje County', 'ISO3166-2-lvl6': 'HR-02', 'postcode': '49224', 'country': 'Croatia', 'country_code': 'hr'}, 'boundingbox': ['46.1308443', '46.1358379', '15.8822438', '15.8858936']}",Velika Ves,Krapina-Zagorje County,Croatia,Grad Krapina
35,46.0056,18.2328,"{'place_id': 87346558, 'licence': 'Data © OpenStreetMap contributors, ODbL 1.0. http://osm.org/copyright', 'osm_type': 'way', 'osm_id': 314995542, 'lat': '46.0052199247813', 'lon': '18.23513988766893', 'class': 'highway', 'type': 'primary', 'place_rank': 26, 'importance': 0.10000999999999993, 'addresstype': 'road', 'name': '58', 'display_name': '58, Pécs, Pécsi járás, Baranya, Southern Transdanubia, Transdanubia, 7636, Hungary', 'address': {'road': '58', 'city': 'Pécs', 'municipality': 'Pécsi járás', 'county': 'Baranya', 'ISO3166-2-lvl6': 'HU-BA', 'region': 'Southern Transdanubia', 'postcode': '7636', 'country': 'Hungary', 'country_code': 'hu'}, 'boundingbox': ['46.0043027', '46.0056294', '18.2349909', '18.2352064']}",Pécs,Baranya,Hungary,Pécsi járás
36,46.45,16.967,"{'place_id': 86843255, 'licence': 'Data © OpenStreetMap contributors, ODbL 1.0. http://osm.org/copyright', 'osm_type': 'way', 'osm_id': 164514770, 'lat': '46.4497813219197', 'lon': '16.96705793386701', 'class': 'highway', 'type': 'residential', 'place_rank': 26, 'importance': 0.10000999999999993, 'addresstype': 'road', 'name': 'Bába utca', 'display_name': 'Bába utca, Kiskanizsa, Nagykanizsa, Nagykanizsai járás, Zala, Western Transdanubia, Transdanubia, 8800, Hungary', 'address': {'road': 'Bába utca', 'suburb': 'Kiskanizsa', 'town': 'Nagykanizsa', 'municipality': 'Nagykanizsai járás', 'county': 'Zala', 'ISO3166-2-lvl6': 'HU-ZA', 'region': 'Western Transdanubia', 'postcode': '8800', 'country': 'Hungary', 'country_code': 'hu'}, 'boundingbox': ['46.4494844', '46.4501349', '16.9630671', '16.9692495']}",Nagykanizsa,Zala,Hungary,Kiskanizsa
37,45.3831,10.8667,"{'place_id': 95042609, 'licence': 'Data © OpenStreetMap contributors, ODbL 1.0. http://osm.org/copyright', 'osm_type': 'way', 'osm_id': 23115949, 'lat': '45.383428537068', 'lon': '10.866793998408054', 'class': 'highway', 'type': 'unclassified', 'place_rank': 26, 'importance': 0.10000999999999993, 'addresstype': 'road', 'name': 'Via Casella Bassi', 'display_name': 'Via Casella Bassi, Casella Bassi, Caluri, Villafranca di Verona, Verona, Veneto, 37066, Italy', 'address': {'road': 'Via Casella Bassi', 'hamlet': 'Casella Bassi', 'village': 'Caluri', 'town': 'Villafranca di Verona', 'county': 'Verona', 'ISO3166-2-lvl6': 'IT-VR', 'state': 'Veneto', 'ISO3166-2-lvl4': 'IT-34', 'postcode': '37066', 'country': 'Italy', 'country_code': 'it'}, 'boundingbox': ['45.3823739', '45.3862922', '10.8623551', '10.8783033']}",Caluri,Veneto,Italy,
38,44.2,10.7,"{'place_id': 96760281, 'licence': 'Data © OpenStreetMap contributors, ODbL 1.0. http://osm.org/copyright', 'osm_type': 'way', 'osm_id': 300612968, 'lat': '44.20058950907617', 'lon': '10.700302243415608', 'class': 'highway', 'type': 'track', 'place_rank': 26, 'importance': 0.10000999999999993, 'addresstype': 'road', 'name': 'Strada del Pian Cavallaro', 'display_name': 'Strada del Pian Cavallaro, Riolunato, Unione dei comuni del Frignano, Modena, Emilia-Romagna, 41020, Italy', 'address': {'road': 'Strada del Pian Cavallaro', 'village': 'Riolunato', 'district': 'Unione dei comuni del Frignano', 'county': 'Modena', 'ISO3166-2-lvl6': 'IT-MO', 'state': 'Emilia-Romagna', 'ISO3166-2-lvl4': 'IT-45', 'postcode': '41020', 'country': 'Italy', 'country_code': 'it'}, 'boundingbox': ['44.1994359', '44.2009832', '10.6918845', '10.7032476']}",Riolunato,Emilia-Romagna,Italy,
39,42.0,15.0,"{'place_id': 100165252, 'licence': 'Data © OpenStreetMap contributors, ODbL 1.0. http://osm.org/copyright', 'osm_type': 'node', 'osm_id': 697272473, 'lat': '42.0000267', 'lon': '15.0000471', 'class': 'tourism', 'type': 'attraction', 'place_rank': 30, 'importance': 9.99999999995449e-06, 'addresstype': 'tourism', 'name': 'Convergenza 42°N-15°E', 'display_name': ""Convergenza 42°N-15°E, Viale Marinai d'Italia, Termoli, Campobasso, Molise, 86039, Italy"", 'address': {'tourism': 'Convergenza 42°N-15°E', 'road': ""Viale Marinai d'Italia"", 'town': 'Termoli', 'county': 'Campobasso', 'ISO3166-2-lvl6': 'IT-CB', 'state': 'Molise', 'ISO3166-2-lvl4': 'IT-67', 'postcode': '86039', 'country': 'Italy', 'country_code': 'it'}, 'boundingbox': ['41.9999767', '42.0000767', '14.9999971', '15.0000971']}",Termoli,Molise,Italy,
40,41.7831,12.5831,"{'place_id': 101428561, 'licence': 'Data © OpenStreetMap contributors, ODbL 1.0. http://osm.org/copyright', 'osm_type': 'relation', 'osm_id': 1459589, 'lat': '41.82331095', 'lon': '12.541191004767448', 'class': 'boundary', 'type': 'administrative', 'place_rank': 20, 'importance': 0.1333433333333333, 'addresstype': 'suburb', 'name': 'Municipio Roma VIII', 'display_name': 'Municipio Roma VIII, Rome, Roma Capitale, Lazio, Italy', 'address': {'suburb': 'Municipio Roma VIII', 'city': 'Rome', 'county': 'Roma Capitale', 'ISO3166-2-lvl6': 'IT-RM', 'state': 'Lazio', 'ISO3166-2-lvl4': 'IT-62', 'country': 'Italy', 'country_code': 'it'}, 'boundingbox': ['41.7708248', '41.8761116', '12.4605426', '12.5960039']}",Rome,Lazio,Italy,Municipio Roma VIII
41,40.6331,17.9331,"{'place_id': 80932226, 'licence': 'Data © OpenStreetMap contributors, ODbL 1.0. http://osm.org/copyright', 'osm_type': 'node', 'osm_id': 6509620319, 'lat': '40.633168', 'lon': '17.933284', 'class': 'place', 'type': 'house', 'place_rank': 30, 'importance': 9.99999999995449e-06, 'addresstype': 'place', 'name': '', 'display_name': '91, Via Settimio Severo, Commenda, Brindisi, Apulia, 72100, Italy', 'address': {'house_number': '91', 'road': 'Via Settimio Severo', 'suburb': 'Commenda', 'city': 'Brindisi', 'county': 'Brindisi', 'ISO3166-2-lvl6': 'IT-BR', 'state': 'Apulia', 'ISO3166-2-lvl4': 'IT-75', 'postcode': '72100', 'country': 'Italy', 'country_code': 'it'}, 'boundingbox': ['40.6331180', '40.6332180', '17.9332340', '17.9333340']}",Brindisi,Apulia,Italy,Commenda
42,46.15,11.0331,"{'place_id': 387438182, 'licence': 'Data © OpenStreetMap contributors, ODbL 1.0. http://osm.org/copyright', 'osm_type': 'way', 'osm_id': 1273079139, 'lat': '46.15011318438729', 'lon': '11.033073725052951', 'class': 'highway', 'type': 'path', 'place_rank': 27, 'importance': 0.04000999999999999, 'addresstype': 'road', 'name': 'Supernatural by Pirelli', 'display_name': ""Supernatural by Pirelli, Terre d'Adige, Comunità Rotaliana-Königsberg, Provincia di Trento, Trentino – Alto Adige/Südtirol, 38097, Italy"", 'address': {'road': 'Supernatural by Pirelli', 'municipality': ""Terre d'Adige"", 'county': 'Provincia di Trento', 'ISO3166-2-lvl6': 'IT-TN', 'state': 'Trentino – Alto Adige/Südtirol', 'ISO3166-2-lvl4': 'IT-32', 'postcode': '38097', 'country': 'Italy', 'country_code': 'it'}, 'boundingbox': ['46.1467501', '46.1512096', '11.0246299', '11.0359464']}",,Trentino – Alto Adige/Südtirol,Italy,Terre d'Adige
43,42.0828,12.2167,"{'place_id': 383461853, 'licence': 'Data © OpenStreetMap contributors, ODbL 1.0. http://osm.org/copyright', 'osm_type': 'relation', 'osm_id': 17282511, 'lat': '42.08387505', 'lon': '12.219900725389184', 'class': 'military', 'type': 'airfield', 'place_rank': 30, 'importance': 0.24352463088163046, 'addresstype': 'military', 'name': 'Aeroporto ""Luigi Bourlot""', 'display_name': 'Aeroporto ""Luigi Bourlot"", 41, Via Circumlacuale, Vigna di Valle, Bracciano, Roma Capitale, Lazio, 00062, Italy', 'address': {'military': 'Aeroporto ""Luigi Bourlot""', 'house_number': '41', 'road': 'Via Circumlacuale', 'village': 'Vigna di Valle', 'town': 'Bracciano', 'county': 'Roma Capitale', 'ISO3166-2-lvl6': 'IT-RM', 'state': 'Lazio', 'ISO3166-2-lvl4': 'IT-62', 'postcode': '00062', 'country': 'Italy', 'country_code': 'it'}, 'boundingbox': ['42.0808350', '42.0872155', '12.2141930', '12.2244818']}",Vigna di Valle,Lazio,Italy,
44,41.7,15.95,"{'place_id': 101331400, 'licence': 'Data © OpenStreetMap contributors, ODbL 1.0. http://osm.org/copyright', 'osm_type': 'way', 'osm_id': 535663171, 'lat': '41.7025365', 'lon': '15.9537604', 'class': 'highway', 'type': 'residential', 'place_rank': 26, 'importance': 0.10000999999999993, 'addresstype': 'road', 'name': '', 'display_name': ""Junno, Monte Sant'Angelo, Foggia, Apulia, 71037, Italy"", 'address': {'suburb': 'Junno', 'town': ""Monte Sant'Angelo"", 'county': 'Foggia', 'ISO3166-2-lvl6': 'IT-FG', 'state': 'Apulia', 'ISO3166-2-lvl4': 'IT-75', 'postcode': '71037', 'country': 'Italy', 'country_code': 'it'}, 'boundingbox': ['41.7021741', '41.7036740', '15.9534600', '15.9543452']}",Monte Sant'Angelo,Apulia,Italy,Junno
45,46.75,10.533,"{'place_id': 94145874, 'licence': 'Data © OpenStreetMap contributors, ODbL 1.0. http://osm.org/copyright', 'osm_type': 'node', 'osm_id': 7685963786, 'lat': '46.7489271', 'lon': '10.5348573', 'class': 'amenity', 'type': 'bench', 'place_rank': 30, 'importance': 9.99999999995449e-06, 'addresstype': 'amenity', 'name': '', 'display_name': 'Landstraße - Via Vitt. Veneto, Fischerhäuser - Case dei Pescatori, Dörfl - Monteplair, Graun - Curon Venosta, Vinschgau - Val Venosta, South Tyrol, Trentino – Alto Adige/Südtirol, 39027, Italy', 'address': {'road': 'Landstraße - Via Vitt. Veneto', 'isolated_dwelling': 'Fischerhäuser - Case dei Pescatori', 'village': 'Dörfl - Monteplair', 'city': 'Graun - Curon Venosta', 'municipality': 'Vinschgau - Val Venosta', 'county': 'South Tyrol', 'ISO3166-2-lvl6': 'IT-BZ', 'state': 'Trentino – Alto Adige/Südtirol', 'ISO3166-2-lvl4': 'IT-32', 'postcode': '39027', 'country': 'Italy', 'country_code': 'it'}, 'boundingbox': ['46.7488771', '46.7489771', '10.5348073', '10.5349073']}",Graun - Curon Venosta,Trentino – Alto Adige/Südtirol,Italy,Vinschgau - Val Venosta
46,46.733,12.217,"{'place_id': 90149503, 'licence': 'Data © OpenStreetMap contributors, ODbL 1.0. http://osm.org/copyright', 'osm_type': 'way', 'osm_id': 236524722, 'lat': '46.73284114217451', 'lon': '12.217927566769744', 'class': 'highway', 'type': 'unclassified', 'place_rank': 26, 'importance': 0.10000999999999993, 'addresstype': 'road', 'name': 'Tiefenweg - Via Tiefen', 'display_name': 'Tiefenweg - Via Tiefen, Wahlen - Valle San Silvestro, Toblach - Dobbiaco, Pustertal - Val Pusteria, South Tyrol, Trentino – Alto Adige/Südtirol, 39034, Italy', 'address': {'road': 'Tiefenweg - Via Tiefen', 'village': 'Wahlen - Valle San Silvestro', 'municipality': 'Pustertal - Val Pusteria', 'county': 'South Tyrol', 'ISO3166-2-lvl6': 'IT-BZ', 'state': 'Trentino – Alto Adige/Südtirol', 'ISO3166-2-lvl4': 'IT-32', 'postcode': '39034', 'country': 'Italy', 'country_code': 'it'}, 'boundingbox': ['46.7294262', '46.7336789', '12.2177530', '12.2180533']}",Wahlen - Valle San Silvestro,Trentino – Alto Adige/Südtirol,Italy,Pustertal - Val Pusteria
47,45.979,13.049,"{'place_id': 98733540, 'licence': 'Data © OpenStreetMap contributors, ODbL 1.0. http://osm.org/copyright', 'osm_type': 'way', 'osm_id': 76191165, 'lat': '45.9781979', 'lon': '13.050730781212067', 'class': 'military', 'type': 'airfield', 'place_rank': 30, 'importance': 0.3483764706069638, 'addresstype': 'military', 'name': 'Aeroporto Militare di Rivolto', 'display_name': 'Aeroporto Militare di Rivolto, Via Udine, Zompicchia, Codroipo, Udine, Friuli – Venezia Giulia, 33033, Italy', 'address': {'military': 'Aeroporto Militare di Rivolto', 'road': 'Via Udine', 'village': 'Zompicchia', 'town': 'Codroipo', 'county': 'Udine', 'ISO3166-2-lvl6': 'IT-UD', 'state': 'Friuli – Venezia Giulia', 'ISO3166-2-lvl4': 'IT-36', 'postcode': '33033', 'country': 'Italy', 'country_code': 'it'}, 'boundingbox': ['45.9681611', '45.9882793', '13.0299742', '13.0692311']}",Zompicchia,Friuli – Venezia Giulia,Italy,
48,45.933,7.7,"{'place_id': 107732052, 'licence': 'Data © OpenStreetMap contributors, ODbL 1.0. http://osm.org/copyright', 'osm_type': 'node', 'osm_id': 6774155606, 'lat': '45.9297603', 'lon': '7.6805209', 'class': 'place', 'type': 'locality', 'place_rank': 25, 'importance': 0.12500999999999995, 'addresstype': 'locality', 'name': 'Laghi Cime Bianche', 'display_name': 'Laghi Cime Bianche, Valtournenche, Aosta Valley, Italy', 'address': {'locality': 'Laghi Cime Bianche', 'village': 'Valtournenche', 'state': 'Aosta Valley', 'ISO3166-2-lvl4': 'IT-23', 'country': 'Italy', 'country_code': 'it'}, 'boundingbox': ['45.9197603', '45.9397603', '7.6705209', '7.6905209']}",Valtournenche,Aosta Valley,Italy,
49,45.033,7.733,"{'place_id': 107022682, 'licence': 'Data © OpenStreetMap contributors, ODbL 1.0. http://osm.org/copyright', 'osm_type': 'way', 'osm_id': 147857220, 'lat': '45.0334104', 'lon': '7.7329105', 'class': 'highway', 'type': 'residential', 'place_rank': 26, 'importance': 0.10000999999999993, 'addresstype': 'road', 'name': 'Strada Bric della Croce', 'display_name': 'Strada Bric della Croce, Eremo, Pecetto Torinese, Torino, Piedmont, 10024, Italy', 'address': {'road': 'Strada Bric della Croce', 'hamlet': 'Eremo', 'village': 'Pecetto Torinese', 'county': 'Torino', 'ISO3166-2-lvl6': 'IT-TO', 'state': 'Piedmont', 'ISO3166-2-lvl4': 'IT-21', 'postcode': '10024', 'country': 'Italy', 'country_code': 'it'}, 'boundingbox': ['45.0329180', '45.0341009', '7.7294147', '7.7332531']}",Pecetto Torinese,Piedmont,Italy,
50,45.53,8.669,"{'place_id': 95920498, 'licence': 'Data © OpenStreetMap contributors, ODbL 1.0. http://osm.org/copyright', 'osm_type': 'way', 'osm_id': 134221994, 'lat': '45.529947899999996', 'lon': '8.666913404507941', 'class': 'military', 'type': 'airfield', 'place_rank': 30, 'importance': 0.321743055077702, 'addresstype': 'military', 'name': 'Aeroporto Militare di Cameri', 'display_name': 'Aeroporto Militare di Cameri, Via San Paolo della Croce, Cameri, Novara, Piedmont, 28062, Italy', 'address': {'military': 'Aeroporto Militare di Cameri', 'road': 'Via San Paolo della Croce', 'town': 'Cameri', 'county': 'Novara', 'ISO3166-2-lvl6': 'IT-NO', 'state': 'Piedmont', 'ISO3166-2-lvl4': 'IT-21', 'postcode': '28062', 'country': 'Italy', 'country_code': 'it'}, 'boundingbox': ['45.5132790', '45.5468714', '8.6539680', '8.6795889']}",Cameri,Piedmont,Italy,
51,45.432,10.268,"{'place_id': 94772362, 'licence': 'Data © OpenStreetMap contributors, ODbL 1.0. http://osm.org/copyright', 'osm_type': 'relation', 'osm_id': 3523613, 'lat': '45.4350589', 'lon': '10.272243606470706', 'class': 'aeroway', 'type': 'aerodrome', 'place_rank': 30, 'importance': 0.3243522234962407, 'addresstype': 'aeroway', 'name': 'Aeroporto di Ghedi', 'display_name': 'Aeroporto di Ghedi, Via Borgosatollo, Ghedi, Brescia, Lombardy, 25016, Italy', 'address': {'aeroway': 'Aeroporto di Ghedi', 'road': 'Via Borgosatollo', 'town': 'Ghedi', 'county': 'Brescia', 'ISO3166-2-lvl6': 'IT-BS', 'state': 'Lombardy', 'ISO3166-2-lvl4': 'IT-25', 'postcode': '25016', 'country': 'Italy', 'country_code': 'it'}, 'boundingbox': ['45.4202968', '45.4482649', '10.2515578', '10.2913652']}",Ghedi,Lombardy,Italy,
52,45.685,12.083,"{'place_id': 98604368, 'licence': 'Data © OpenStreetMap contributors, ODbL 1.0. http://osm.org/copyright', 'osm_type': 'way', 'osm_id': 227525723, 'lat': '45.687013449999995', 'lon': '12.087470062901296', 'class': 'military', 'type': 'airfield', 'place_rank': 30, 'importance': 0.31653158036886236, 'addresstype': 'military', 'name': 'Aeroporto militare di Istrana', 'display_name': 'Aeroporto militare di Istrana, Via Giuseppe Toniolo, Pezzan, Istrana, Treviso, Veneto, 31036, Italy', 'address': {'military': 'Aeroporto militare di Istrana', 'road': 'Via Giuseppe Toniolo', 'village': 'Pezzan', 'county': 'Treviso', 'ISO3166-2-lvl6': 'IT-TV', 'state': 'Veneto', 'ISO3166-2-lvl4': 'IT-34', 'postcode': '31036', 'country': 'Italy', 'country_code': 'it'}, 'boundingbox': ['45.6811312', '45.6933240', '12.0654328', '12.1095372']}",Pezzan,Veneto,Italy,
53,45.65,13.75,"{'place_id': 98854755, 'licence': 'Data © OpenStreetMap contributors, ODbL 1.0. http://osm.org/copyright', 'osm_type': 'way', 'osm_id': 916401764, 'lat': '45.64873645', 'lon': '13.752926399026457', 'class': 'leisure', 'type': 'marina', 'place_rank': 30, 'importance': 9.99999999995449e-06, 'addresstype': 'leisure', 'name': 'Porto Lido', 'display_name': 'Porto Lido, Molo Fratelli Bandiera, Campo Marzio, Città Nuova-Barriera Nuova-San Vito-Città Vecchia, Triest, Trieste, Friuli – Venezia Giulia, 34123, Italy', 'address': {'leisure': 'Porto Lido', 'road': 'Molo Fratelli Bandiera', 'suburb': 'Campo Marzio', 'city': 'Triest', 'county': 'Trieste', 'ISO3166-2-lvl6': 'IT-TS', 'state': 'Friuli – Venezia Giulia', 'ISO3166-2-lvl4': 'IT-36', 'postcode': '34123', 'country': 'Italy', 'country_code': 'it'}, 'boundingbox': ['45.6476314', '45.6500476', '13.7511294', '13.7547116']}",Triest,Friuli – Venezia Giulia,Italy,Campo Marzio
54,44.224,12.307,"{'place_id': 98263498, 'licence': 'Data © OpenStreetMap contributors, ODbL 1.0. http://osm.org/copyright', 'osm_type': 'way', 'osm_id': 72106988, 'lat': '44.2241119', 'lon': '12.305173843477807', 'class': 'aeroway', 'type': 'aerodrome', 'place_rank': 30, 'importance': 0.3483764706069638, 'addresstype': 'aeroway', 'name': 'Aeroporto Militare Cervia-Pisignano', 'display_name': 'Aeroporto Militare Cervia-Pisignano, Via Cervara, Villa Inferno, Cervia, Ravenna, Emilia-Romagna, 48015, Italy', 'address': {'aeroway': 'Aeroporto Militare Cervia-Pisignano', 'road': 'Via Cervara', 'residential': 'Villa Inferno', 'hamlet': 'Villa Inferno', 'town': 'Cervia', 'county': 'Ravenna', 'ISO3166-2-lvl6': 'IT-RA', 'state': 'Emilia-Romagna', 'ISO3166-2-lvl4': 'IT-45', 'postcode': '48015', 'country': 'Italy', 'country_code': 'it'}, 'boundingbox': ['44.2145049', '44.2337212', '12.2809875', '12.3285376']}",Cervia,Emilia-Romagna,Italy,
55,44.02,12.612,"{'place_id': 98210649, 'licence': 'Data © OpenStreetMap contributors, ODbL 1.0. http://osm.org/copyright', 'osm_type': 'relation', 'osm_id': 6085496, 'lat': '44.0196919', 'lon': '12.613094492568623', 'class': 'aeroway', 'type': 'aerodrome', 'place_rank': 30, 'importance': 0.4182816495277011, 'addresstype': 'aeroway', 'name': 'Federico Fellini International Airport', 'display_name': 'Federico Fellini International Airport, Pista ciclopedonale Viale Losanna, Rimini, Emilia-Romagna, 47383, Italy', 'address': {'aeroway': 'Federico Fellini International Airport', 'road': 'Pista ciclopedonale Viale Losanna', 'city': 'Rimini', 'county': 'Rimini', 'ISO3166-2-lvl6': 'IT-RN', 'state': 'Emilia-Romagna', 'ISO3166-2-lvl4': 'IT-45', 'postcode': '47383', 'country': 'Italy', 'country_code': 'it'}, 'boundingbox': ['44.0066180', '44.0321502', '12.5910767', '12.6306522']}",Rimini,Emilia-Romagna,Italy,
56,43.95,8.167,"{'place_id': 101730433, 'licence': 'Data © OpenStreetMap contributors, ODbL 1.0. http://osm.org/copyright', 'osm_type': 'way', 'osm_id': 175922524, 'lat': '43.9525019', 'lon': '8.1670864', 'class': 'highway', 'type': 'residential', 'place_rank': 26, 'importance': 0.10000999999999993, 'addresstype': 'road', 'name': '', 'display_name': 'Andora, Savona, Liguria, 17051, Italy', 'address': {'village': 'Andora', 'county': 'Savona', 'ISO3166-2-lvl6': 'IT-SV', 'state': 'Liguria', 'ISO3166-2-lvl4': 'IT-42', 'postcode': '17051', 'country': 'Italy', 'country_code': 'it'}, 'boundingbox': ['43.9525019', '43.9526509', '8.1657160', '8.1675540']}",Andora,Liguria,Italy,
57,43.684,10.393,"{'place_id': 101947095, 'licence': 'Data © OpenStreetMap contributors, ODbL 1.0. http://osm.org/copyright', 'osm_type': 'relation', 'osm_id': 5827108, 'lat': '43.68479365', 'lon': '10.39552700998277', 'class': 'aeroway', 'type': 'aerodrome', 'place_rank': 30, 'importance': 0.45211272322450446, 'addresstype': 'aeroway', 'name': 'Pisa International Airport', 'display_name': 'Pisa International Airport, Via Aurelia Sud trav. A, La Vettola, Pisa, Tuscany, 56122, Italy', 'address': {'aeroway': 'Pisa International Airport', 'road': 'Via Aurelia Sud trav. A', 'suburb': 'La Vettola', 'city': 'Pisa', 'county': 'Pisa', 'ISO3166-2-lvl6': 'IT-PI', 'state': 'Tuscany', 'ISO3166-2-lvl4': 'IT-52', 'postcode': '56122', 'country': 'Italy', 'country_code': 'it'}, 'boundingbox': ['43.6701861', '43.6994000', '10.3784305', '10.4124009']}",Pisa,Tuscany,Italy,La Vettola
58,43.517,12.733,"{'place_id': 99993115, 'licence': 'Data © OpenStreetMap contributors, ODbL 1.0. http://osm.org/copyright', 'osm_type': 'way', 'osm_id': 75602061, 'lat': '43.517154906584736', 'lon': '12.733115164302436', 'class': 'highway', 'type': 'tertiary', 'place_rank': 26, 'importance': 0.10000999999999993, 'addresstype': 'road', 'name': 'Strada Provinciale 53 San Savino', 'display_name': 'Strada Provinciale 53 San Savino, Osteria, Frontone, Pesaro e Urbino, Marche, Italy', 'address': {'road': 'Strada Provinciale 53 San Savino', 'hamlet': 'Osteria', 'village': 'Frontone', 'county': 'Pesaro e Urbino', 'ISO3166-2-lvl6': 'IT-PU', 'state': 'Marche', 'ISO3166-2-lvl4': 'IT-57', 'country': 'Italy', 'country_code': 'it'}, 'boundingbox': ['43.5148311', '43.5198537', '12.7277456', '12.7337968']}",Frontone,Marche,Italy,
59,42.76,11.072,"{'place_id': 101034512, 'licence': 'Data © OpenStreetMap contributors, ODbL 1.0. http://osm.org/copyright', 'osm_type': 'relation', 'osm_id': 14879705, 'lat': '42.76071625', 'lon': '11.071364982254256', 'class': 'military', 'type': 'airfield', 'place_rank': 30, 'importance': 0.31831815181825923, 'addresstype': 'military', 'name': 'Aeroporto di Grosseto', 'display_name': 'Aeroporto di Grosseto, Strada del Pianetto, Grosseto, Tuscany, 58100, Italy', 'address': {'military': 'Aeroporto di Grosseto', 'road': 'Strada del Pianetto', 'city': 'Grosseto', 'county': 'Grosseto', 'ISO3166-2-lvl6': 'IT-GR', 'state': 'Tuscany', 'ISO3166-2-lvl4': 'IT-52', 'postcode': '58100', 'country': 'Italy', 'country_code': 'it'}, 'boundingbox': ['42.7465016', '42.7755169', '11.0576681', '11.0898016']}",Grosseto,Tuscany,Italy,
60,42.467,12.983,"{'place_id': 99792691, 'licence': 'Data © OpenStreetMap contributors, ODbL 1.0. http://osm.org/copyright', 'osm_type': 'way', 'osm_id': 129831956, 'lat': '42.46679925', 'lon': '12.979156147396676', 'class': 'aerialway', 'type': 'station', 'place_rank': 30, 'importance': 9.99999999995449e-06, 'addresstype': 'aerialway', 'name': 'Cardito Sud', 'display_name': ""Cardito Sud, Via dei Licheni, Pian de' Valli, Rieti, Lazio, Italy"", 'address': {'aerialway': 'Cardito Sud', 'road': 'Via dei Licheni', 'village': ""Pian de' Valli"", 'town': 'Rieti', 'county': 'Rieti', 'ISO3166-2-lvl6': 'IT-RI', 'state': 'Lazio', 'ISO3166-2-lvl4': 'IT-62', 'country': 'Italy', 'country_code': 'it'}, 'boundingbox': ['42.4667521', '42.4668463', '12.9790948', '12.9792175']}",Pian de' Valli,Lazio,Italy,
61,41.659,12.445,"{'place_id': 100699847, 'licence': 'Data © OpenStreetMap contributors, ODbL 1.0. http://osm.org/copyright', 'osm_type': 'way', 'osm_id': 31407196, 'lat': '41.6621583', 'lon': '12.441371068936508', 'class': 'aeroway', 'type': 'aerodrome', 'place_rank': 30, 'importance': 0.3280698768979776, 'addresstype': 'aeroway', 'name': 'Aeroporto Militare Mario De Bernardi', 'display_name': 'Aeroporto Militare Mario De Bernardi, Via di Pratica, Villaggio Azzurro, Colli di Enea, Pomezia, Roma Capitale, Lazio, 00071, Italy', 'address': {'aeroway': 'Aeroporto Militare Mario De Bernardi', 'road': 'Via di Pratica', 'neighbourhood': 'Villaggio Azzurro', 'suburb': 'Colli di Enea', 'town': 'Pomezia', 'county': 'Roma Capitale', 'ISO3166-2-lvl6': 'IT-RM', 'state': 'Lazio', 'ISO3166-2-lvl4': 'IT-62', 'postcode': '00071', 'country': 'Italy', 'country_code': 'it'}, 'boundingbox': ['41.6429663', '41.6813784', '12.4255102', '12.4623831']}",Pomezia,Lazio,Italy,Colli di Enea
62,41.567,14.65,"{'place_id': 100321774, 'licence': 'Data © OpenStreetMap contributors, ODbL 1.0. http://osm.org/copyright', 'osm_type': 'node', 'osm_id': 3526565605, 'lat': '41.5663465', 'lon': '14.6495517', 'class': 'place', 'type': 'house', 'place_rank': 30, 'importance': 9.99999999995449e-06, 'addresstype': 'place', 'name': '', 'display_name': '292, Via Giuseppe Garibaldi, Conocchiole, Campobasso, Molise, 86100, Italy', 'address': {'house_number': '292', 'road': 'Via Giuseppe Garibaldi', 'hamlet': 'Conocchiole', 'city': 'Campobasso', 'county': 'Campobasso', 'ISO3166-2-lvl6': 'IT-CB', 'state': 'Molise', 'ISO3166-2-lvl4': 'IT-67', 'postcode': '86100', 'country': 'Italy', 'country_code': 'it'}, 'boundingbox': ['41.5662965', '41.5663965', '14.6495017', '14.6496017']}",Campobasso,Molise,Italy,
63,41.061,14.082,"{'place_id': 100872976, 'licence': 'Data © OpenStreetMap contributors, ODbL 1.0. http://osm.org/copyright', 'osm_type': 'way', 'osm_id': 249340040, 'lat': '41.05919445', 'lon': '14.082120343965231', 'class': 'aeroway', 'type': 'aerodrome', 'place_rank': 30, 'importance': 0.32836979184198095, 'addresstype': 'aeroway', 'name': 'Aeroporto di Caserta-Grazzanise', 'display_name': 'Aeroporto di Caserta-Grazzanise, Via Guglielmo Oberdan, Grazzanise, Caserta, Campania, Italy', 'address': {'aeroway': 'Aeroporto di Caserta-Grazzanise', 'road': 'Via Guglielmo Oberdan', 'village': 'Grazzanise', 'county': 'Caserta', 'ISO3166-2-lvl6': 'IT-CE', 'state': 'Campania', 'ISO3166-2-lvl4': 'IT-72', 'country': 'Italy', 'country_code': 'it'}, 'boundingbox': ['41.0507271', '41.0690948', '14.0609429', '14.1017513']}",Grazzanise,Campania,Italy,
64,40.917,12.95,"{'place_id': 100180122, 'licence': 'Data © OpenStreetMap contributors, ODbL 1.0. http://osm.org/copyright', 'osm_type': 'way', 'osm_id': 39405035, 'lat': '40.9171537', 'lon': '12.9541959', 'class': 'highway', 'type': 'residential', 'place_rank': 26, 'importance': 0.10000999999999993, 'addresstype': 'road', 'name': 'Via Capobosco', 'display_name': 'Via Capobosco, Ponza, Latina, Lazio, 04027, Italy', 'address': {'road': 'Via Capobosco', 'village': 'Ponza', 'county': 'Latina', 'ISO3166-2-lvl6': 'IT-LT', 'state': 'Lazio', 'ISO3166-2-lvl4': 'IT-62', 'postcode': '04027', 'country': 'Italy', 'country_code': 'it'}, 'boundingbox': ['40.9156019', '40.9188542', '12.9541944', '12.9576852']}",Ponza,Lazio,Italy,
65,40.017,15.283,"{'place_id': 100110024, 'licence': 'Data © OpenStreetMap contributors, ODbL 1.0. http://osm.org/copyright', 'osm_type': 'node', 'osm_id': 6860028312, 'lat': '40.0339194', 'lon': '15.2889687', 'class': 'place', 'type': 'square', 'place_rank': 25, 'importance': 0.12500999999999995, 'addresstype': 'square', 'name': 'Piazza Publio Virgilio Marone', 'display_name': 'Piazza Publio Virgilio Marone, Palinuro, Centola, Salerno, Campania, 84051, Italy', 'address': {'square': 'Piazza Publio Virgilio Marone', 'village': 'Palinuro', 'county': 'Salerno', 'ISO3166-2-lvl6': 'IT-SA', 'state': 'Campania', 'ISO3166-2-lvl4': 'IT-72', 'postcode': '84051', 'country': 'Italy', 'country_code': 'it'}, 'boundingbox': ['40.0338694', '40.0339694', '15.2889187', '15.2890187']}",Palinuro,Campania,Italy,
66,40.433,16.883,"{'place_id': 80650451, 'licence': 'Data © OpenStreetMap contributors, ODbL 1.0. http://osm.org/copyright', 'osm_type': 'way', 'osm_id': 761210609, 'lat': '40.43311582866621', 'lon': '16.8830827568183', 'class': 'highway', 'type': 'residential', 'place_rank': 26, 'importance': 0.10000999999999993, 'addresstype': 'road', 'name': 'Viale Pola', 'display_name': 'Viale Pola, Marina di Ginosa, Ginosa, Taranto, Apulia, 74025, Italy', 'address': {'road': 'Viale Pola', 'village': 'Marina di Ginosa', 'town': 'Ginosa', 'county': 'Taranto', 'ISO3166-2-lvl6': 'IT-TA', 'state': 'Apulia', 'ISO3166-2-lvl4': 'IT-75', 'postcode': '74025', 'country': 'Italy', 'country_code': 'it'}, 'boundingbox': ['40.4324078', '40.4346526', '16.8810298', '16.8840621']}",Marina di Ginosa,Apulia,Italy,
67,40.567,8.167,"{'place_id': 101029475, 'licence': 'Data © OpenStreetMap contributors, ODbL 1.0. http://osm.org/copyright', 'osm_type': 'way', 'osm_id': 557940404, 'lat': '40.565781', 'lon': '8.1644831', 'class': 'highway', 'type': 'tertiary', 'place_rank': 26, 'importance': 0.10000999999999993, 'addresstype': 'road', 'name': 'SP55', 'display_name': 'SP55, Pischina Salida, Alghero, Sassari, Sardinia, Italy', 'address': {'road': 'SP55', 'hamlet': 'Pischina Salida', 'town': 'Alghero', 'county': 'Sassari', 'ISO3166-2-lvl6': 'IT-SS', 'state': 'Sardinia', 'ISO3166-2-lvl4': 'IT-88', 'country': 'Italy', 'country_code': 'it'}, 'boundingbox': ['40.5631466', '40.5889248', '8.1586882', '8.1655320']}",Alghero,Sardinia,Italy,
68,42.76,18.95,"{'place_id': 82631975, 'licence': 'Data © OpenStreetMap contributors, ODbL 1.0. http://osm.org/copyright', 'osm_type': 'way', 'osm_id': 737378890, 'lat': '42.7607551', 'lon': '18.9493548', 'class': 'highway', 'type': 'residential', 'place_rank': 26, 'importance': 0.10000999999999993, 'addresstype': 'road', 'name': '', 'display_name': 'Nikšić, Nikšić Municipality, 81400, Montenegro', 'address': {'city': 'Nikšić', 'county': 'Nikšić Municipality', 'ISO3166-2-lvl6': 'ME-12', 'postcode': '81400', 'country': 'Montenegro', 'country_code': 'me'}, 'boundingbox': ['42.7607551', '42.7615900', '18.9483479', '18.9493548']}",Nikšić,Nikšić Municipality,Montenegro,
69,46.3792,13.8539,"{'place_id': 372310883, 'licence': 'Data © OpenStreetMap contributors, ODbL 1.0. http://osm.org/copyright', 'osm_type': 'way', 'osm_id': 1220257256, 'lat': '46.3778807', 'lon': '13.8522325', 'class': 'highway', 'type': 'path', 'place_rank': 27, 'importance': 0.07500999999999991, 'addresstype': 'road', 'name': 'Konjsko sedlo - Kredarica', 'display_name': 'Konjsko sedlo - Kredarica, Gorje, Slovenia', 'address': {'road': 'Konjsko sedlo - Kredarica', 'municipality': 'Gorje', 'ISO3166-2-lvl8': 'SI-207', 'country': 'Slovenia', 'country_code': 'si'}, 'boundingbox': ['46.3746963', '46.3789894', '13.8495402', '13.8536099']}",,,Slovenia,Gorje
70,45.6,15.2,"{'place_id': 99240998, 'licence': 'Data © OpenStreetMap contributors, ODbL 1.0. http://osm.org/copyright', 'osm_type': 'way', 'osm_id': 694203458, 'lat': '45.5993638', 'lon': '15.2017058', 'class': 'highway', 'type': 'unclassified', 'place_rank': 26, 'importance': 0.10000999999999993, 'addresstype': 'road', 'name': '', 'display_name': 'Vojna Vas, Črnomelj, 8340, Slovenia', 'address': {'village': 'Vojna Vas', 'town': 'Črnomelj', 'ISO3166-2-lvl8': 'SI-017', 'postcode': '8340', 'country': 'Slovenia', 'country_code': 'si'}, 'boundingbox': ['45.5837207', '45.6046895', '15.1978771', '15.2055481']}",Vojna Vas,,Slovenia,
71,45.6,14.9,"{'place_id': 99059709, 'licence': 'Data © OpenStreetMap contributors, ODbL 1.0. http://osm.org/copyright', 'osm_type': 'way', 'osm_id': 373719295, 'lat': '45.60122779944899', 'lon': '14.901311627358576', 'class': 'highway', 'type': 'secondary', 'place_rank': 26, 'importance': 0.10000999999999993, 'addresstype': 'road', 'name': '217', 'display_name': '217, Videm, Knežja Lipa, Kočevje, 1330, Slovenia', 'address': {'road': '217', 'hamlet': 'Videm', 'village': 'Knežja Lipa', 'town': 'Kočevje', 'ISO3166-2-lvl8': 'SI-048', 'postcode': '1330', 'country': 'Slovenia', 'country_code': 'si'}, 'boundingbox': ['45.5430018', '45.6068750', '14.8962241', '15.0414649']}",Knežja Lipa,,Slovenia,
72,46.4,14.2,"{'place_id': 89432780, 'licence': 'Data © OpenStreetMap contributors, ODbL 1.0. http://osm.org/copyright', 'osm_type': 'node', 'osm_id': 5851471911, 'lat': '46.4102244', 'lon': '14.2090057', 'class': 'place', 'type': 'locality', 'place_rank': 25, 'importance': 0.12500999999999995, 'addresstype': 'locality', 'name': 'Poljška planina', 'display_name': 'Poljška planina, Radovljica, 4275, Slovenia', 'address': {'locality': 'Poljška planina', 'town': 'Radovljica', 'ISO3166-2-lvl8': 'SI-102', 'postcode': '4275', 'country': 'Slovenia', 'country_code': 'si'}, 'boundingbox': ['46.4002244', '46.4202244', '14.1990057', '14.2190057']}",Radovljica,,Slovenia,
73,46.1,14.3858,"{'place_id': 89517110, 'licence': 'Data © OpenStreetMap contributors, ODbL 1.0. http://osm.org/copyright', 'osm_type': 'node', 'osm_id': 10159532763, 'lat': '46.1003572', 'lon': '14.3856655', 'class': 'tourism', 'type': 'information', 'place_rank': 30, 'importance': 9.99999999995449e-06, 'addresstype': 'tourism', 'name': '', 'display_name': 'Pot roparskih vitezov, Brezovica pri Medvodah, Medvode, Upravna Enota Ljubljana, 1215, Slovenia', 'address': {'road': 'Pot roparskih vitezov', 'village': 'Brezovica pri Medvodah', 'town': 'Medvode', 'ISO3166-2-lvl8': 'SI-071', 'municipality': 'Upravna Enota Ljubljana', 'postcode': '1215', 'country': 'Slovenia', 'country_code': 'si'}, 'boundingbox': ['46.1003072', '46.1004072', '14.3856155', '14.3857155']}",Brezovica pri Medvodah,,Slovenia,Upravna Enota Ljubljana
74,46.0,13.9,"{'place_id': 91011195, 'licence': 'Data © OpenStreetMap contributors, ODbL 1.0. http://osm.org/copyright', 'osm_type': 'node', 'osm_id': 1652929698, 'lat': '46.0247615', 'lon': '13.9026232', 'class': 'place', 'type': 'village', 'place_rank': 19, 'importance': 0.33855055665355965, 'addresstype': 'village', 'name': 'Vojsko', 'display_name': 'Vojsko, Idrija, Slovenia', 'address': {'village': 'Vojsko', 'town': 'Idrija', 'ISO3166-2-lvl8': 'SI-036', 'country': 'Slovenia', 'country_code': 'si'}, 'boundingbox': ['46.0047615', '46.0447615', '13.8826232', '13.9226232']}",Vojsko,,Slovenia,
75,45.8,14.5,"{'place_id': 99294065, 'licence': 'Data © OpenStreetMap contributors, ODbL 1.0. http://osm.org/copyright', 'osm_type': 'way', 'osm_id': 187832198, 'lat': '45.80485076428346', 'lon': '14.502089029264742', 'class': 'highway', 'type': 'unclassified', 'place_rank': 26, 'importance': 0.10000999999999993, 'addresstype': 'road', 'name': '', 'display_name': 'Lahovo, Ravnik, Bloke, 1385, Slovenia', 'address': {'hamlet': 'Lahovo', 'village': 'Ravnik', 'municipality': 'Bloke', 'ISO3166-2-lvl8': 'SI-150', 'postcode': '1385', 'country': 'Slovenia', 'country_code': 'si'}, 'boundingbox': ['45.7941072', '45.8131529', '14.4835615', '14.5180365']}",Ravnik,,Slovenia,Bloke
76,45.8,14.2,"{'place_id': 99166899, 'licence': 'Data © OpenStreetMap contributors, ODbL 1.0. http://osm.org/copyright', 'osm_type': 'way', 'osm_id': 540236100, 'lat': '45.79971813557503', 'lon': '14.199809587781914', 'class': 'highway', 'type': 'unclassified', 'place_rank': 26, 'importance': 0.10000999999999993, 'addresstype': 'road', 'name': '', 'display_name': 'Veliki Otok, Postojna, 6230, Slovenia', 'address': {'village': 'Veliki Otok', 'town': 'Postojna', 'ISO3166-2-lvl8': 'SI-094', 'postcode': '6230', 'country': 'Slovenia', 'country_code': 'si'}, 'boundingbox': ['45.7932202', '45.8048725', '14.1970804', '14.2033395']}",Veliki Otok,,Slovenia,
77,46.8,16.3,"{'place_id': 87337657, 'licence': 'Data © OpenStreetMap contributors, ODbL 1.0. http://osm.org/copyright', 'osm_type': 'way', 'osm_id': 367050631, 'lat': '46.7949974', 'lon': '16.3009653', 'class': 'highway', 'type': 'service', 'place_rank': 27, 'importance': 0.07500999999999991, 'addresstype': 'road', 'name': 'Domanjševci', 'display_name': 'Domanjševci, Domanjševci / Domonkosfa, Šalovci, 9205, Slovenia', 'address': {'road': 'Domanjševci', 'village': 'Domanjševci / Domonkosfa', 'ISO3166-2-lvl8': 'SI-033', 'postcode': '9205', 'country': 'Slovenia', 'country_code': 'si'}, 'boundingbox': ['46.7946205', '46.7959487', '16.2941973', '16.3053397']}",Domanjševci / Domonkosfa,,Slovenia,
78,45.9,13.6,"{'place_id': 98771629, 'licence': 'Data © OpenStreetMap contributors, ODbL 1.0. http://osm.org/copyright', 'osm_type': 'node', 'osm_id': 3645134760, 'lat': '45.8993811', 'lon': '13.5991923', 'class': 'place', 'type': 'house', 'place_rank': 30, 'importance': 9.99999999995449e-06, 'addresstype': 'place', 'name': '', 'display_name': ""79, Štradalta, Rupa, Savogna d'Isonzo / Sovodnje ob Soči, Gorizia, Friuli – Venezia Giulia, 34070, Italy"", 'address': {'house_number': '79', 'road': 'Štradalta', 'village': 'Rupa', 'county': 'Gorizia', 'ISO3166-2-lvl6': 'IT-GO', 'state': 'Friuli – Venezia Giulia', 'ISO3166-2-lvl4': 'IT-36', 'postcode': '34070', 'country': 'Italy', 'country_code': 'it'}, 'boundingbox': ['45.8993311', '45.8994311', '13.5991423', '13.5992423']}",Rupa,Friuli – Venezia Giulia,Italy,
79,45.8,15.2,"{'place_id': 375809376, 'licence': 'Data © OpenStreetMap contributors, ODbL 1.0. http://osm.org/copyright', 'osm_type': 'way', 'osm_id': 1229897946, 'lat': '45.8007405', 'lon': '15.199334150320237', 'class': 'shop', 'type': 'window_blind', 'place_rank': 30, 'importance': 9.99999999995449e-06, 'addresstype': 'shop', 'name': 'Roletarstvo Medle', 'display_name': 'Roletarstvo Medle, 48, Podbevškova ulica, Mala Cikava, Novo Mesto, 8000, Slovenia', 'address': {'shop': 'Roletarstvo Medle', 'house_number': '48', 'road': 'Podbevškova ulica', 'village': 'Mala Cikava', 'town': 'Novo Mesto', 'ISO3166-2-lvl8': 'SI-085', 'postcode': '8000', 'country': 'Slovenia', 'country_code': 'si'}, 'boundingbox': ['45.8002272', '45.8012520', '15.1987161', '15.2000234']}",Mala Cikava,,Slovenia,
80,46.5,15.1,"{'place_id': 90108320, 'licence': 'Data © OpenStreetMap contributors, ODbL 1.0. http://osm.org/copyright', 'osm_type': 'way', 'osm_id': 242288087, 'lat': '46.4997796', 'lon': '15.1000925', 'class': 'highway', 'type': 'residential', 'place_rank': 26, 'importance': 0.10000999999999993, 'addresstype': 'road', 'name': '', 'display_name': 'Šmartno pri Slovenj Gradcu, Slovenj Gradec, 2380, Slovenia', 'address': {'village': 'Šmartno pri Slovenj Gradcu', 'town': 'Slovenj Gradec', 'ISO3166-2-lvl8': 'SI-112', 'postcode': '2380', 'country': 'Slovenia', 'country_code': 'si'}, 'boundingbox': ['46.4986967', '46.4997796', '15.1000925', '15.1006129']}",Šmartno pri Slovenj Gradcu,,Slovenia,
81,46.2,14.5,"{'place_id': 89353081, 'licence': 'Data © OpenStreetMap contributors, ODbL 1.0. http://osm.org/copyright', 'osm_type': 'way', 'osm_id': 53595405, 'lat': '46.1964958', 'lon': '14.5011874', 'class': 'highway', 'type': 'unclassified', 'place_rank': 26, 'importance': 0.10000999999999993, 'addresstype': 'road', 'name': '', 'display_name': 'Vodice, Upravna Enota Ljubljana, 1217, Slovenia', 'address': {'village': 'Vodice', 'ISO3166-2-lvl8': 'SI-138', 'municipality': 'Upravna Enota Ljubljana', 'postcode': '1217', 'country': 'Slovenia', 'country_code': 'si'}, 'boundingbox': ['46.1903808', '46.1964958', '14.4983348', '14.5035732']}",Vodice,,Slovenia,Upravna Enota Ljubljana
82,46.5,15.7,"{'place_id': 90454300, 'licence': 'Data © OpenStreetMap contributors, ODbL 1.0. http://osm.org/copyright', 'osm_type': 'way', 'osm_id': 225708530, 'lat': '46.49983175', 'lon': '15.700004324360577', 'class': 'building', 'type': 'yes', 'place_rank': 30, 'importance': 9.99999999995449e-06, 'addresstype': 'building', 'name': '', 'display_name': '9a, Ulica Marjana Nemca, Miklavž na Dravskem polju, 2204, Slovenia', 'address': {'house_number': '9a', 'road': 'Ulica Marjana Nemca', 'village': 'Miklavž na Dravskem polju', 'ISO3166-2-lvl8': 'SI-169', 'postcode': '2204', 'country': 'Slovenia', 'country_code': 'si'}, 'boundingbox': ['46.4997575', '46.4998935', '15.6998914', '15.7001124']}",Miklavž na Dravskem polju,,Slovenia,
83,45.5,13.6,"{'place_id': 98834918, 'licence': 'Data © OpenStreetMap contributors, ODbL 1.0. http://osm.org/copyright', 'osm_type': 'way', 'osm_id': 221856483, 'lat': '45.499427731832526', 'lon': '13.599922930891665', 'class': 'highway', 'type': 'residential', 'place_rank': 26, 'importance': 0.10000999999999993, 'addresstype': 'road', 'name': '', 'display_name': 'Seča / Sezza (naselje), Seča / Sezza, Piran / Pirano, Upravna enota Piran / Unità amministrativa Pirano, 6320, Slovenia', 'address': {'suburb': 'Seča / Sezza (naselje)', 'village': 'Seča / Sezza', 'town': 'Piran / Pirano', 'ISO3166-2-lvl8': 'SI-090', 'municipality': 'Upravna enota Piran / Unità amministrativa Pirano', 'postcode': '6320', 'country': 'Slovenia', 'country_code': 'si'}, 'boundingbox': ['45.4990958', '45.4994943', '13.5990519', '13.6024722']}",Seča / Sezza,,Slovenia,Seča / Sezza (naselje)
84,46.2,15.2,"{'place_id': 89344836, 'licence': 'Data © OpenStreetMap contributors, ODbL 1.0. http://osm.org/copyright', 'osm_type': 'way', 'osm_id': 106161427, 'lat': '46.1993369', 'lon': '15.1951178', 'class': 'highway', 'type': 'tertiary', 'place_rank': 26, 'importance': 0.10000999999999993, 'addresstype': 'road', 'name': '490090', 'display_name': '490090, Liboje, Žalec, 3302, Slovenia', 'address': {'road': '490090', 'village': 'Liboje', 'town': 'Žalec', 'ISO3166-2-lvl8': 'SI-190', 'postcode': '3302', 'country': 'Slovenia', 'country_code': 'si'}, 'boundingbox': ['46.1908114', '46.2352270', '15.1693223', '15.1954053']}",Liboje,,Slovenia,
85,46.1,15.3,"{'place_id': 89520853, 'licence': 'Data © OpenStreetMap contributors, ODbL 1.0. http://osm.org/copyright', 'osm_type': 'way', 'osm_id': 447703108, 'lat': '46.10037807177386', 'lon': '15.300071539897063', 'class': 'highway', 'type': 'unclassified', 'place_rank': 26, 'importance': 0.10000999999999993, 'addresstype': 'road', 'name': '', 'display_name': 'Laško, Slovenia', 'address': {'town': 'Laško', 'ISO3166-2-lvl8': 'SI-057', 'country': 'Slovenia', 'country_code': 'si'}, 'boundingbox': ['46.0974793', '46.1018211', '15.2899962', '15.3006647']}",Laško,,Slovenia,
86,46.7,16.2,"{'place_id': 87012664, 'licence': 'Data © OpenStreetMap contributors, ODbL 1.0. http://osm.org/copyright', 'osm_type': 'way', 'osm_id': 10681055, 'lat': '46.70065555282787', 'lon': '16.19752231344268', 'class': 'highway', 'type': 'tertiary', 'place_rank': 26, 'importance': 0.10000999999999993, 'addresstype': 'road', 'name': '725', 'display_name': '725, Sebeborci, Moravske Toplice, 9221, Slovenia', 'address': {'road': '725', 'village': 'Sebeborci', 'ISO3166-2-lvl8': 'SI-078', 'postcode': '9221', 'country': 'Slovenia', 'country_code': 'si'}, 'boundingbox': ['46.6868967', '46.7031568', '16.1954992', '16.1981841']}",Sebeborci,,Slovenia,
87,46.5,13.7,"{'place_id': 89988196, 'licence': 'Data © OpenStreetMap contributors, ODbL 1.0. http://osm.org/copyright', 'osm_type': 'way', 'osm_id': 779871750, 'lat': '46.49742374960288', 'lon': '13.699867724472766', 'class': 'highway', 'type': 'primary', 'place_rank': 26, 'importance': 0.10000999999999993, 'addresstype': 'road', 'name': 'SS54', 'display_name': 'SS54, Tarvisio, Udine, Friuli – Venezia Giulia, 33018, Italy', 'address': {'road': 'SS54', 'town': 'Tarvisio', 'county': 'Udine', 'ISO3166-2-lvl6': 'IT-UD', 'state': 'Friuli – Venezia Giulia', 'ISO3166-2-lvl4': 'IT-36', 'postcode': '33018', 'country': 'Italy', 'country_code': 'it'}, 'boundingbox': ['46.4973775', '46.4995108', '13.6820562', '13.7007685']}",Tarvisio,Friuli – Venezia Giulia,Italy,
88,46.0656,14.5169,"{'place_id': 89411632, 'licence': 'Data © OpenStreetMap contributors, ODbL 1.0. http://osm.org/copyright', 'osm_type': 'way', 'osm_id': 310976731, 'lat': '46.0657224', 'lon': '14.516785135121893', 'class': 'building', 'type': 'apartments', 'place_rank': 30, 'importance': 9.99999999995449e-06, 'addresstype': 'building', 'name': '', 'display_name': '20, Grassellijeva ulica, Zupančičeva jama, Četrtna skupnost Bežigrad, Ljubljana, Upravna Enota Ljubljana, 1000, Slovenia', 'address': {'house_number': '20', 'road': 'Grassellijeva ulica', 'neighbourhood': 'Zupančičeva jama', 'suburb': 'Četrtna skupnost Bežigrad', 'city': 'Ljubljana', 'ISO3166-2-lvl8': 'SI-061', 'municipality': 'Upravna Enota Ljubljana', 'postcode': '1000', 'country': 'Slovenia', 'country_code': 'si'}, 'boundingbox': ['46.0656315', '46.0658132', '14.5166566', '14.5169137']}",Ljubljana,,Slovenia,Četrtna skupnost Bežigrad
89,45.8667,7.1667,"{'place_id': 107830067, 'licence': 'Data © OpenStreetMap contributors, ODbL 1.0. http://osm.org/copyright', 'osm_type': 'relation', 'osm_id': 3841858, 'lat': '45.86846625', 'lon': '7.167496429841039', 'class': 'tourism', 'type': 'attraction', 'place_rank': 30, 'importance': 0.08544064771236405, 'addresstype': 'tourism', 'name': 'Great St Bernard Lake', 'display_name': 'Great St Bernard Lake, 21, Bourg-Saint-Pierre, Entremont, Wallis, 1946, Switzerland', 'address': {'tourism': 'Great St Bernard Lake', 'road': '21', 'village': 'Bourg-Saint-Pierre', 'county': 'Entremont', 'state': 'Wallis', 'ISO3166-2-lvl4': 'CH-VS', 'postcode': '1946', 'country': 'Switzerland', 'country_code': 'ch'}, 'boundingbox': ['45.8675867', '45.8693459', '7.1652837', '7.1695366']}",Bourg-Saint-Pierre,Wallis,Switzerland,
90,46.25,6.1331,"{'place_id': 109485969, 'licence': 'Data © OpenStreetMap contributors, ODbL 1.0. http://osm.org/copyright', 'osm_type': 'way', 'osm_id': 78608729, 'lat': '46.25063425', 'lon': '6.132455057751968', 'class': 'building', 'type': 'yes', 'place_rank': 30, 'importance': 9.99999999995449e-06, 'addresstype': 'building', 'name': '', 'display_name': '5, Chemin des Clys, Valavran, Colovrex, Bellevue, Geneva, 1293, Switzerland', 'address': {'house_number': '5', 'road': 'Chemin des Clys', 'neighbourhood': 'Valavran', 'hamlet': 'Colovrex', 'village': 'Bellevue', 'state': 'Geneva', 'ISO3166-2-lvl4': 'CH-GE', 'postcode': '1293', 'country': 'Switzerland', 'country_code': 'ch'}, 'boundingbox': ['46.2505149', '46.2507537', '6.1323081', '6.1326020']}",Bellevue,Geneva,Switzerland,
91,46.0,8.9667,"{'place_id': 93855835, 'licence': 'Data © OpenStreetMap contributors, ODbL 1.0. http://osm.org/copyright', 'osm_type': 'way', 'osm_id': 339011844, 'lat': '46.00242015', 'lon': '8.962925130774344', 'class': 'leisure', 'type': 'marina', 'place_rank': 30, 'importance': 9.99999999995449e-06, 'addresstype': 'leisure', 'name': 'Circolo Velico Lago di Lugano', 'display_name': 'Circolo Velico Lago di Lugano, Via Foce, Cassarate, Circolo di Lugano est, Lugano, Distretto di Lugano, Ticino, 6900, Switzerland', 'address': {'leisure': 'Circolo Velico Lago di Lugano', 'road': 'Via Foce', 'suburb': 'Cassarate', 'city_district': 'Circolo di Lugano est', 'town': 'Lugano', 'county': 'Distretto di Lugano', 'state': 'Ticino', 'ISO3166-2-lvl4': 'CH-TI', 'postcode': '6900', 'country': 'Switzerland', 'country_code': 'ch'}, 'boundingbox': ['46.0016981', '46.0031068', '8.9622223', '8.9635609']}",Lugano,Ticino,Switzerland,Cassarate
92,46.2167,7.3331,"{'place_id': 109747465, 'licence': 'Data © OpenStreetMap contributors, ODbL 1.0. http://osm.org/copyright', 'osm_type': 'node', 'osm_id': 9205495110, 'lat': '46.2166028', 'lon': '7.3338482', 'class': 'place', 'type': 'house', 'place_rank': 30, 'importance': 9.99999999995449e-06, 'addresstype': 'place', 'name': '', 'display_name': ""45, Route d'Aproz, Sion, Wallis, 1950, Switzerland"", 'address': {'house_number': '45', 'road': ""Route d'Aproz"", 'city_district': 'Sion', 'town': 'Sion', 'county': 'Sion', 'state': 'Wallis', 'ISO3166-2-lvl4': 'CH-VS', 'postcode': '1950', 'country': 'Switzerland', 'country_code': 'ch'}, 'boundingbox': ['46.2165528', '46.2166528', '7.3337982', '7.3338982']}",Sion,Wallis,Switzerland,
93,46.8167,6.95,"{'place_id': 110389648, 'licence': 'Data © OpenStreetMap contributors, ODbL 1.0. http://osm.org/copyright', 'osm_type': 'way', 'osm_id': 186105354, 'lat': '46.816888', 'lon': '6.950360913533333', 'class': 'building', 'type': 'yes', 'place_rank': 30, 'importance': 9.99999999995449e-06, 'addresstype': 'building', 'name': 'Golf Club de Payerne', 'display_name': 'Golf Club de Payerne, 13, Les Invuardes, Payerne, District de la Broye-Vully, Vaud, 1530, Switzerland', 'address': {'building': 'Golf Club de Payerne', 'house_number': '13', 'road': 'Les Invuardes', 'town': 'Payerne', 'county': 'District de la Broye-Vully', 'state': 'Vaud', 'ISO3166-2-lvl4': 'CH-VD', 'postcode': '1530', 'country': 'Switzerland', 'country_code': 'ch'}, 'boundingbox': ['46.8167786', '46.8169974', '6.9502118', '6.9505100']}",Payerne,Vaud,Switzerland,
94,46.6,10.433,"{'place_id': 94108114, 'licence': 'Data © OpenStreetMap contributors, ODbL 1.0. http://osm.org/copyright', 'osm_type': 'way', 'osm_id': 237906383, 'lat': '46.598895441231036', 'lon': '10.433017068237039', 'class': 'highway', 'type': 'secondary', 'place_rank': 26, 'importance': 0.10000999999999993, 'addresstype': 'road', 'name': 'Via Pass Umbrail', 'display_name': 'Via Pass Umbrail, Sta. Maria Val Müstair, Val Müstair, Region Engiadina Bassa/Val Müstair, Grisons, 7536, Switzerland', 'address': {'road': 'Via Pass Umbrail', 'village': 'Sta. Maria Val Müstair', 'city': 'Val Müstair', 'county': 'Region Engiadina Bassa/Val Müstair', 'state': 'Grisons', 'ISO3166-2-lvl4': 'CH-GR', 'postcode': '7536', 'country': 'Switzerland', 'country_code': 'ch'}, 'boundingbox': ['46.5981194', '46.5998607', '10.4279830', '10.4332981']}",Val Müstair,Grisons,Switzerland,
